"DT_GERACAO";"HH_GERACAO";"ANO_ELEICAO";"CD_TIPO_ELEICAO";"NM_TIPO_ELEICAO";"NR_TURNO";"CD_ELEICAO";"DS_ELEICAO";"DT_ELEICAO";"TP_ABRANGENCIA";"SG_UF";"SG_UE";"NM_UE";"CD_MUNICIPIO";"NM_MUNICIPIO";"NR_ZONA";"CD_CARGO";"DS_CARGO";"TP_AGREMIACAO";"NR_PARTIDO";"SG_PARTIDO";"NM_PARTIDO";"SQ_COLIGACAO";"NM_COLIGACAO";"DS_COMPOSICAO_COLIGACAO";"ST_VOTO_EM_TRANSITO";"QT_VOTOS_NOMINAIS";"QT_VOTOS_LEGENDA"
"26/11/2020";"11:39:02";"2020";"2";"Eleição Ordinária";"1";"426";"Eleições Municipais 2020";"15/11/2020";"M";"RR";"03018";"BOA VISTA";"03018";"BOA VISTA";"1";"13";"Vereador";"Partido isolado";"23";"CIDADANIA";"Cidadania";"230000127849";"PARTIDO ISOLADO";"CIDADANIA";"N";"2024";"26"
"26/11/2020";"11:39:02";"2020";"2";"Eleição Ordinária";"1";"426";"Eleições Municipais 2020";"15/11/2020";"M";"RR";"03158";"SÃO LUIZ";"03158";"SÃO LUIZ";"4";"13";"Vereador";"Partido isolado";"25";"DEM";"Democratas";"230000070116";"PARTIDO ISOLADO";"DEM";"N";"768";"47"
"26/11/2020";"11:39:02";"2020";"2";"Eleição Ordinária";"1";"426";"Eleições Municipais 2020";"15/11/2020";"M";"RR";"03018";"BOA VISTA";"03018";"BOA VISTA";"5";"13";"Vereador";"Partido isolado";"55";"PSD";"Partido Social Democrático";"230000127735";"PARTIDO ISOLADO";"PSD";"N";"3767";"53"
"26/11/2020";"11:39:02";"2020";"2";"Eleição Ordinária";"1";"426";"Eleições Municipais 2020";"15/11/2020";"M";"RR";"03115";"NORMANDIA";"03115";"NORMANDIA";"5";"11";"Prefeito";"Partido isolado";"40";"PSB";"Partido Socialista Brasileiro";"230000073937";"PARTIDO ISOLADO";"PSB";"N";"486";"0"
"26/11/2020";"11:39:02";"2020";"2";"Eleição Ordinária";"1";"426";"Eleições Municipais 2020";"15/11/2020";"M";"RR";"03077";"BONFIM";"03077";"BONFIM";"5";"11";"Prefeito";"Coligação";"40";"PSB";"Partido Socialista Brasileiro";"230000067851";"União e Fé";"PSB / PSC / PSD";"N";"1640";"0"
"26/11/2020";"11:39:02";"2020";"2";"Eleição Ordinária";"1";"426";"Eleições Municipais 2020";"15/11/2020";"M";"RR";"03042";"AMAJARI";"03042";"AMAJARI";"7";"13";"Vereador";"Partido isolado";"22";"PL";"Partido Liberal";"230000149805";"PARTIDO ISOLADO";"PL";"N";"481";"52"
"26/11/2020";"11:39:02";"2020";"2";"Eleição Ordinária";"1";"426";"Eleições Municipais 2020";"15/11/2020";"M";"RR";"03093";"MUCAJAÍ";"03093";"MUCAJAÍ";"6";"13";"Vereador";"Partido isolado";"23";"CIDADANIA";"Cidadania";"230000117637";"PARTIDO ISOLADO";"CIDADANIA";"N";"271";"4"
"26/11/2020";"11:39:02";"2020";"2";"Eleição Ordinária";"1";"426";"Eleições Municipais 2020";"15/11/2020";"M";"RR";"03018";"BOA VISTA";"03018";"BOA VISTA";"1";"13";"Vereador";"Partido isolado";"27";"DC";"Democracia Cristã";"230000127984";"PARTIDO ISOLADO";"DC";"N";"3641";"24"
"26/11/2020";"11:39:02";"2020";"2";"Eleição Ordinária";"1";"426";"Eleições Municipais 2020";"15/11/2020";"M";"RR";"03077";"BONFIM";"03077";"BONFIM";"5";"13";"Vereador";"Partido isolado";"40";"PSB";"Partido Socialista Brasileiro";"230000091554";"PARTIDO ISOLADO";"PSB";"N";"99";"54"
"26/11/2020";"11:39:02";"2020";"2";"Eleição Ordinária";"1";"426";"Eleições Municipais 2020";"15/11/2020";"M";"RR";"03018";"BOA VISTA";"03018";"BOA VISTA";"1";"13";"Vereador";"Partido isolado";"43";"PV";"Partido Verde";"230000127786";"PARTIDO ISOLADO";"PV";"N";"3621";"20"
"26/11/2020";"11:39:02";"2020";"2";"Eleição Ordinária";"1";"426";"Eleições Municipais 2020";"15/11/2020";"M";"RR";"03123";"PACARAIMA";"03123";"PACARAIMA";"7";"13";"Vereador";"Partido isolado";"45";"PSDB";"Partido da Social Democracia Brasileira";"230000149857";"PARTIDO ISOLADO";"PSDB";"N";"672";"14"
"26/11/2020";"11:39:02";"2020";"2";"Eleição Ordinária";"1";"426";"Eleições Municipais 2020";"15/11/2020";"M";"RR";"03018";"BOA VISTA";"03018";"BOA VISTA";"1";"13";"Vereador";"Partido isolado";"51";"PATRIOTA";"Patriota";"230000089085";"PARTIDO ISOLADO";"PATRIOTA";"N";"2538";"21"
"26/11/2020";"11:39:02";"2020";"2";"Eleição Ordinária";"1";"426";"Eleições Municipais 2020";"15/11/2020";"M";"RR";"03034";"CARACARAÍ";"03034";"CARACARAÍ";"2";"11";"Prefeito";"Partido isolado";"20";"PSC";"Partido Social Cristão";"230000077032";"PARTIDO ISOLADO";"PSC";"N";"420";"0"
"26/11/2020";"11:39:02";"2020";"2";"Eleição Ordinária";"1";"426";"Eleições Municipais 2020";"15/11/2020";"M";"RR";"03000";"CAROEBE";"03000";"CAROEBE";"4";"11";"Prefeito";"Coligação";"77";"SOLIDARIEDADE";"Solidariedade";"230000099070";"PARA CAROEBE CONTINUAR AVANÇANDO";"SOLIDARIEDADE / MDB";"N";"2267";"0"
"26/11/2020";"11:39:02";"2020";"2";"Eleição Ordinária";"1";"426";"Eleições Municipais 2020";"15/11/2020";"M";"RR";"03107";"UIRAMUTÃ";"03107";"UIRAMUTÃ";"7";"11";"Prefeito";"Coligação";"11";"PP";"PROGRESSISTAS";"230000149694";"UIRAMUTÃ PARA TODOS";"PP / PODE / SOLIDARIEDADE";"N";"1674";"0"
"26/11/2020";"11:39:02";"2020";"2";"Eleição Ordinária";"1";"426";"Eleições Municipais 2020";"15/11/2020";"M";"RR";"03093";"MUCAJAÍ";"03093";"MUCAJAÍ";"6";"11";"Prefeito";"Coligação";"22";"PL";"Partido Liberal";"230000057259";"MUCAJAÍ NÃO PODE PARAR";"SOLIDARIEDADE / CIDADANIA / MDB / PL";"N";"5405";"0"
"26/11/2020";"11:39:02";"2020";"2";"Eleição Ordinária";"1";"426";"Eleições Municipais 2020";"15/11/2020";"M";"RR";"03018";"BOA VISTA";"03018";"BOA VISTA";"5";"11";"Prefeito";"Coligação";"77";"SOLIDARIEDADE";"Solidariedade";"230000089524";"BOA VISTA PARA TODOS";"SOLIDARIEDADE / PATRIOTA / PT / PSC / PSB / PTC / PRTB / PROS / DC / CIDADANIA / PTB";"N";"7332";"0"
"26/11/2020";"11:39:02";"2020";"2";"Eleição Ordinária";"1";"426";"Eleições Municipais 2020";"15/11/2020";"M";"RR";"03115";"NORMANDIA";"03115";"NORMANDIA";"5";"13";"Vereador";"Partido isolado";"13";"PT";"Partido dos Trabalhadores";"230000148412";"PARTIDO ISOLADO";"PT";"N";"200";"10"
"26/11/2020";"11:39:02";"2020";"2";"Eleição Ordinária";"1";"426";"Eleições Municipais 2020";"15/11/2020";"M";"RR";"03034";"CARACARAÍ";"03034";"CARACARAÍ";"2";"13";"Vereador";"Partido isolado";"70";"AVANTE";"AVANTE";"230000085939";"PARTIDO ISOLADO";"AVANTE";"N";"753";"25"
"26/11/2020";"11:39:02";"2020";"2";"Eleição Ordinária";"1";"426";"Eleições Municipais 2020";"15/11/2020";"M";"RR";"03018";"BOA VISTA";"03018";"BOA VISTA";"5";"13";"Vereador";"Partido isolado";"90";"PROS";"Partido Republicano da Ordem Social";"230000155374";"PARTIDO ISOLADO";"PROS";"N";"1073";"10"
"26/11/2020";"11:39:02";"2020";"2";"Eleição Ordinária";"1";"426";"Eleições Municipais 2020";"15/11/2020";"M";"RR";"03107";"UIRAMUTÃ";"03107";"UIRAMUTÃ";"7";"13";"Vereador";"Partido isolado";"11";"PP";"PROGRESSISTAS";"230000149695";"PARTIDO ISOLADO";"PP";"N";"1290";"118"
"26/11/2020";"11:39:02";"2020";"2";"Eleição Ordinária";"1";"426";"Eleições Municipais 2020";"15/11/2020";"M";"RR";"03018";"BOA VISTA";"03018";"BOA VISTA";"1";"13";"Vereador";"Partido isolado";"40";"PSB";"Partido Socialista Brasileiro";"230000127982";"PARTIDO ISOLADO";"PSB";"N";"701";"8"
"26/11/2020";"11:39:02";"2020";"2";"Eleição Ordinária";"1";"426";"Eleições Municipais 2020";"15/11/2020";"M";"RR";"03018";"BOA VISTA";"03018";"BOA VISTA";"1";"11";"Prefeito";"Partido isolado";"33";"PMN";"Partido da Mobilização Nacional";"230000154908";"PARTIDO ISOLADO";"PMN";"N";"213";"0"
"26/11/2020";"11:39:02";"2020";"2";"Eleição Ordinária";"1";"426";"Eleições Municipais 2020";"15/11/2020";"M";"RR";"03000";"CAROEBE";"03000";"CAROEBE";"4";"13";"Vereador";"Partido isolado";"23";"CIDADANIA";"Cidadania";"230000078498";"PARTIDO ISOLADO";"CIDADANIA";"N";"254";"4"
"26/11/2020";"11:39:02";"2020";"2";"Eleição Ordinária";"1";"426";"Eleições Municipais 2020";"15/11/2020";"M";"RR";"03077";"BONFIM";"03077";"BONFIM";"5";"13";"Vereador";"Partido isolado";"28";"PRTB";"Partido Renovador Trabalhista Brasileiro";"230000058392";"PARTIDO ISOLADO";"PRTB";"N";"1238";"20"
"26/11/2020";"11:39:02";"2020";"2";"Eleição Ordinária";"1";"426";"Eleições Municipais 2020";"15/11/2020";"M";"RR";"03018";"BOA VISTA";"03018";"BOA VISTA";"5";"11";"Prefeito";"Partido isolado";"19";"PODE";"Podemos";"230000088961";"PARTIDO ISOLADO";"PODE";"N";"4446";"0"
"26/11/2020";"11:39:02";"2020";"2";"Eleição Ordinária";"1";"426";"Eleições Municipais 2020";"15/11/2020";"M";"RR";"03018";"BOA VISTA";"03018";"BOA VISTA";"1";"13";"Vereador";"Partido isolado";"22";"PL";"Partido Liberal";"230000127518";"PARTIDO ISOLADO";"PL";"N";"3336";"106"
"26/11/2020";"11:39:02";"2020";"2";"Eleição Ordinária";"1";"426";"Eleições Municipais 2020";"15/11/2020";"M";"RR";"03034";"CARACARAÍ";"03034";"CARACARAÍ";"2";"11";"Prefeito";"Coligação";"15";"MDB";"Movimento Democrático Brasileiro";"230000088518";"UNINDO FORÇAS POR CARACARAÍ";"PSD / MDB";"N";"3849";"0"
"26/11/2020";"11:39:02";"2020";"2";"Eleição Ordinária";"1";"426";"Eleições Municipais 2020";"15/11/2020";"M";"RR";"03158";"SÃO LUIZ";"03158";"SÃO LUIZ";"4";"13";"Vereador";"Partido isolado";"90";"PROS";"Partido Republicano da Ordem Social";"230000070611";"PARTIDO ISOLADO";"PROS";"N";"255";"2"
"26/11/2020";"11:39:02";"2020";"2";"Eleição Ordinária";"1";"426";"Eleições Municipais 2020";"15/11/2020";"M";"RR";"03115";"NORMANDIA";"03115";"NORMANDIA";"5";"11";"Prefeito";"Coligação";"45";"PSDB";"Partido da Social Democracia Brasileira";"230000106925";"FUTURO E OPORTUNIDADE";"PMB / PV / PSDB";"N";"436";"0"
"26/11/2020";"11:39:02";"2020";"2";"Eleição Ordinária";"1";"426";"Eleições Municipais 2020";"15/11/2020";"M";"RR";"03042";"AMAJARI";"03042";"AMAJARI";"7";"13";"Vereador";"Partido isolado";"10";"REPUBLICANOS";"REPUBLICANOS";"230000149654";"PARTIDO ISOLADO";"REPUBLICANOS";"N";"824";"27"
"26/11/2020";"11:39:02";"2020";"2";"Eleição Ordinária";"1";"426";"Eleições Municipais 2020";"15/11/2020";"M";"RR";"03018";"BOA VISTA";"03018";"BOA VISTA";"1";"13";"Vereador";"Partido isolado";"25";"DEM";"Democratas";"230000088971";"PARTIDO ISOLADO";"DEM";"N";"1759";"31"
"26/11/2020";"11:39:02";"2020";"2";"Eleição Ordinária";"1";"426";"Eleições Municipais 2020";"15/11/2020";"M";"RR";"03107";"UIRAMUTÃ";"03107";"UIRAMUTÃ";"7";"11";"Prefeito";"Coligação";"18";"REDE";"Rede Sustentabilidade";"230000073845";"União Por Uiramutã";"REDE / PROS";"N";"2066";"0"
"26/11/2020";"11:39:02";"2020";"2";"Eleição Ordinária";"1";"426";"Eleições Municipais 2020";"15/11/2020";"M";"RR";"03131";"SÃO JOÃO DA BALIZA";"03131";"SÃO JOÃO DA BALIZA";"4";"13";"Vereador";"Partido isolado";"10";"REPUBLICANOS";"REPUBLICANOS";"230000062829";"PARTIDO ISOLADO";"REPUBLICANOS";"N";"986";"11"
"26/11/2020";"11:39:02";"2020";"2";"Eleição Ordinária";"1";"426";"Eleições Municipais 2020";"15/11/2020";"M";"RR";"03069";"CANTÁ";"03069";"CANTÁ";"5";"13";"Vereador";"Partido isolado";"40";"PSB";"Partido Socialista Brasileiro";"230000106758";"PARTIDO ISOLADO";"PSB";"N";"608";"9"
"26/11/2020";"11:39:02";"2020";"2";"Eleição Ordinária";"1";"426";"Eleições Municipais 2020";"15/11/2020";"M";"RR";"03131";"SÃO JOÃO DA BALIZA";"03131";"SÃO JOÃO DA BALIZA";"4";"13";"Vereador";"Partido isolado";"55";"PSD";"Partido Social Democrático";"230000063418";"PARTIDO ISOLADO";"PSD";"N";"1051";"43"
"26/11/2020";"11:39:02";"2020";"2";"Eleição Ordinária";"1";"426";"Eleições Municipais 2020";"15/11/2020";"M";"RR";"03018";"BOA VISTA";"03018";"BOA VISTA";"5";"13";"Vereador";"Partido isolado";"77";"SOLIDARIEDADE";"Solidariedade";"230000089159";"PARTIDO ISOLADO";"SOLIDARIEDADE";"N";"6129";"226"
"26/11/2020";"11:39:02";"2020";"2";"Eleição Ordinária";"1";"426";"Eleições Municipais 2020";"15/11/2020";"M";"RR";"03018";"BOA VISTA";"03018";"BOA VISTA";"5";"13";"Vereador";"Partido isolado";"45";"PSDB";"Partido da Social Democracia Brasileira";"230000149076";"PARTIDO ISOLADO";"PSDB";"N";"979";"216"
"26/11/2020";"11:39:02";"2020";"2";"Eleição Ordinária";"1";"426";"Eleições Municipais 2020";"15/11/2020";"M";"RR";"03069";"CANTÁ";"03069";"CANTÁ";"5";"11";"Prefeito";"Coligação";"11";"PP";"PROGRESSISTAS";"230000067821";"VAMOS JUNTOS CUIDAR DO CANTA";"PP / MDB / CIDADANIA / PATRIOTA / PSDB";"N";"5508";"0"
"26/11/2020";"11:39:02";"2020";"2";"Eleição Ordinária";"1";"426";"Eleições Municipais 2020";"15/11/2020";"M";"RR";"03018";"BOA VISTA";"03018";"BOA VISTA";"1";"11";"Prefeito";"Partido isolado";"17";"PSL";"Partido Social Liberal";"230000051636";"PARTIDO ISOLADO";"PSL";"N";"7405";"0"
"26/11/2020";"11:39:02";"2020";"2";"Eleição Ordinária";"1";"426";"Eleições Municipais 2020";"15/11/2020";"M";"RR";"03018";"BOA VISTA";"03018";"BOA VISTA";"5";"13";"Vereador";"Partido isolado";"10";"REPUBLICANOS";"REPUBLICANOS";"230000075162";"PARTIDO ISOLADO";"REPUBLICANOS";"N";"7459";"82"
"26/11/2020";"11:39:02";"2020";"2";"Eleição Ordinária";"1";"426";"Eleições Municipais 2020";"15/11/2020";"M";"RR";"03000";"CAROEBE";"03000";"CAROEBE";"4";"13";"Vereador";"Partido isolado";"55";"PSD";"Partido Social Democrático";"230000077145";"PARTIDO ISOLADO";"PSD";"N";"468";"7"
"26/11/2020";"11:39:02";"2020";"2";"Eleição Ordinária";"1";"426";"Eleições Municipais 2020";"15/11/2020";"M";"RR";"03115";"NORMANDIA";"03115";"NORMANDIA";"5";"13";"Vereador";"Partido isolado";"20";"PSC";"Partido Social Cristão";"230000112814";"PARTIDO ISOLADO";"PSC";"N";"246";"23"
"26/11/2020";"11:39:02";"2020";"2";"Eleição Ordinária";"1";"426";"Eleições Municipais 2020";"15/11/2020";"M";"RR";"03050";"ALTO ALEGRE";"03050";"ALTO ALEGRE";"3";"13";"Vereador";"Partido isolado";"15";"MDB";"Movimento Democrático Brasileiro";"230000073750";"PARTIDO ISOLADO";"MDB";"N";"2562";"32"
"26/11/2020";"11:39:02";"2020";"2";"Eleição Ordinária";"1";"426";"Eleições Municipais 2020";"15/11/2020";"M";"RR";"03042";"AMAJARI";"03042";"AMAJARI";"7";"13";"Vereador";"Partido isolado";"15";"MDB";"Movimento Democrático Brasileiro";"230000088952";"PARTIDO ISOLADO";"MDB";"N";"1324";"60"
"26/11/2020";"11:39:02";"2020";"2";"Eleição Ordinária";"1";"426";"Eleições Municipais 2020";"15/11/2020";"M";"RR";"03026";"IRACEMA";"03026";"IRACEMA";"6";"13";"Vereador";"Partido isolado";"22";"PL";"Partido Liberal";"230000067857";"PARTIDO ISOLADO";"PL";"N";"548";"9"
"26/11/2020";"11:39:02";"2020";"2";"Eleição Ordinária";"1";"426";"Eleições Municipais 2020";"15/11/2020";"M";"RR";"03018";"BOA VISTA";"03018";"BOA VISTA";"1";"13";"Vereador";"Partido isolado";"77";"SOLIDARIEDADE";"Solidariedade";"230000089159";"PARTIDO ISOLADO";"SOLIDARIEDADE";"N";"7775";"202"
"26/11/2020";"11:39:02";"2020";"2";"Eleição Ordinária";"1";"426";"Eleições Municipais 2020";"15/11/2020";"M";"RR";"03069";"CANTÁ";"03069";"CANTÁ";"5";"13";"Vereador";"Partido isolado";"14";"PTB";"Partido Trabalhista Brasileiro";"230000073883";"PARTIDO ISOLADO";"PTB";"N";"323";"14"
"26/11/2020";"11:39:02";"2020";"2";"Eleição Ordinária";"1";"426";"Eleições Municipais 2020";"15/11/2020";"M";"RR";"03018";"BOA VISTA";"03018";"BOA VISTA";"1";"13";"Vereador";"Partido isolado";"35";"PMB";"Partido da Mulher Brasileira";"230000128009";"PARTIDO ISOLADO";"PMB";"N";"3149";"20"
"26/11/2020";"11:39:02";"2020";"2";"Eleição Ordinária";"1";"426";"Eleições Municipais 2020";"15/11/2020";"M";"RR";"03034";"CARACARAÍ";"03034";"CARACARAÍ";"2";"11";"Prefeito";"Coligação";"45";"PSDB";"Partido da Social Democracia Brasileira";"230000148641";"TODOS POR CARACARAÍ";"PMN / PSDB";"N";"468";"0"
"26/11/2020";"11:39:02";"2020";"2";"Eleição Ordinária";"1";"426";"Eleições Municipais 2020";"15/11/2020";"M";"RR";"03158";"SÃO LUIZ";"03158";"SÃO LUIZ";"4";"13";"Vereador";"Partido isolado";"23";"CIDADANIA";"Cidadania";"230000126395";"PARTIDO ISOLADO";"CIDADANIA";"N";"167";"3"
"26/11/2020";"11:39:02";"2020";"2";"Eleição Ordinária";"1";"426";"Eleições Municipais 2020";"15/11/2020";"M";"RR";"03077";"BONFIM";"03077";"BONFIM";"5";"13";"Vereador";"Partido isolado";"22";"PL";"Partido Liberal";"230000058277";"PARTIDO ISOLADO";"PL";"N";"1075";"32"
"26/11/2020";"11:39:02";"2020";"2";"Eleição Ordinária";"1";"426";"Eleições Municipais 2020";"15/11/2020";"M";"RR";"03018";"BOA VISTA";"03018";"BOA VISTA";"1";"13";"Vereador";"Partido isolado";"28";"PRTB";"Partido Renovador Trabalhista Brasileiro";"230000089028";"PARTIDO ISOLADO";"PRTB";"N";"3896";"32"
"26/11/2020";"11:39:02";"2020";"2";"Eleição Ordinária";"1";"426";"Eleições Municipais 2020";"15/11/2020";"M";"RR";"03107";"UIRAMUTÃ";"03107";"UIRAMUTÃ";"7";"13";"Vereador";"Partido isolado";"90";"PROS";"Partido Republicano da Ordem Social";"230000153588";"PARTIDO ISOLADO";"PROS";"N";"649";"13"
"26/11/2020";"11:39:02";"2020";"2";"Eleição Ordinária";"1";"426";"Eleições Municipais 2020";"15/11/2020";"M";"RR";"03042";"AMAJARI";"03042";"AMAJARI";"7";"11";"Prefeito";"Partido isolado";"10";"REPUBLICANOS";"REPUBLICANOS";"230000149663";"PARTIDO ISOLADO";"REPUBLICANOS";"N";"628";"0"
"26/11/2020";"11:39:02";"2020";"2";"Eleição Ordinária";"1";"426";"Eleições Municipais 2020";"15/11/2020";"M";"RR";"03115";"NORMANDIA";"03115";"NORMANDIA";"5";"11";"Prefeito";"Partido isolado";"77";"SOLIDARIEDADE";"Solidariedade";"230000087273";"PARTIDO ISOLADO";"SOLIDARIEDADE";"N";"515";"0"
"26/11/2020";"11:39:02";"2020";"2";"Eleição Ordinária";"1";"426";"Eleições Municipais 2020";"15/11/2020";"M";"RR";"03034";"CARACARAÍ";"03034";"CARACARAÍ";"2";"13";"Vereador";"Partido isolado";"23";"CIDADANIA";"Cidadania";"230000115359";"PARTIDO ISOLADO";"CIDADANIA";"N";"356";"5"
"26/11/2020";"11:39:02";"2020";"2";"Eleição Ordinária";"1";"426";"Eleições Municipais 2020";"15/11/2020";"M";"RR";"03069";"CANTÁ";"03069";"CANTÁ";"5";"13";"Vereador";"Partido isolado";"77";"SOLIDARIEDADE";"Solidariedade";"230000106923";"PARTIDO ISOLADO";"SOLIDARIEDADE";"N";"834";"70"
"26/11/2020";"11:39:02";"2020";"2";"Eleição Ordinária";"1";"426";"Eleições Municipais 2020";"15/11/2020";"M";"RR";"03026";"IRACEMA";"03026";"IRACEMA";"6";"13";"Vereador";"Partido isolado";"90";"PROS";"Partido Republicano da Ordem Social";"230000069118";"PARTIDO ISOLADO";"PROS";"N";"237";"18"
"26/11/2020";"11:39:02";"2020";"2";"Eleição Ordinária";"1";"426";"Eleições Municipais 2020";"15/11/2020";"M";"RR";"03085";"RORAINÓPOLIS";"03085";"RORAINÓPOLIS";"8";"13";"Vereador";"Partido isolado";"23";"CIDADANIA";"Cidadania";"230000090771";"PARTIDO ISOLADO";"CIDADANIA";"N";"1501";"32"
"26/11/2020";"11:39:02";"2020";"2";"Eleição Ordinária";"1";"426";"Eleições Municipais 2020";"15/11/2020";"M";"RR";"03018";"BOA VISTA";"03018";"BOA VISTA";"5";"13";"Vereador";"Partido isolado";"25";"DEM";"Democratas";"230000088971";"PARTIDO ISOLADO";"DEM";"N";"1215";"30"
"26/11/2020";"11:39:02";"2020";"2";"Eleição Ordinária";"1";"426";"Eleições Municipais 2020";"15/11/2020";"M";"RR";"03131";"SÃO JOÃO DA BALIZA";"03131";"SÃO JOÃO DA BALIZA";"4";"13";"Vereador";"Partido isolado";"13";"PT";"Partido dos Trabalhadores";"230000058378";"PARTIDO ISOLADO";"PT";"N";"207";"5"
"26/11/2020";"11:39:02";"2020";"2";"Eleição Ordinária";"1";"426";"Eleições Municipais 2020";"15/11/2020";"M";"RR";"03077";"BONFIM";"03077";"BONFIM";"5";"13";"Vereador";"Partido isolado";"15";"MDB";"Movimento Democrático Brasileiro";"230000058296";"PARTIDO ISOLADO";"MDB";"N";"1345";"18"
"26/11/2020";"11:39:02";"2020";"2";"Eleição Ordinária";"1";"426";"Eleições Municipais 2020";"15/11/2020";"M";"RR";"03050";"ALTO ALEGRE";"03050";"ALTO ALEGRE";"3";"13";"Vereador";"Partido isolado";"10";"REPUBLICANOS";"REPUBLICANOS";"230000093190";"PARTIDO ISOLADO";"REPUBLICANOS";"N";"1268";"76"
"26/11/2020";"11:39:02";"2020";"2";"Eleição Ordinária";"1";"426";"Eleições Municipais 2020";"15/11/2020";"M";"RR";"03069";"CANTÁ";"03069";"CANTÁ";"5";"11";"Prefeito";"Coligação";"55";"PSD";"Partido Social Democrático";"230000073809";"COM DEUS E O POVO TEREMOS UM FUTURO NOVO";"PSC / PSD";"N";"291";"0"
"26/11/2020";"11:39:02";"2020";"2";"Eleição Ordinária";"1";"426";"Eleições Municipais 2020";"15/11/2020";"M";"RR";"03085";"RORAINÓPOLIS";"03085";"RORAINÓPOLIS";"8";"11";"Prefeito";"Coligação";"77";"SOLIDARIEDADE";"Solidariedade";"230000154214";"PARA RORAINÓPOLIS SEGUIR EM FRENTE";"SOLIDARIEDADE / MDB / PODE / PL / PATRIOTA / PSDB / CIDADANIA / REPUBLICANOS / PROS / PSB / PT";"N";"8587";"0"
"26/11/2020";"11:39:02";"2020";"2";"Eleição Ordinária";"1";"426";"Eleições Municipais 2020";"15/11/2020";"M";"RR";"03077";"BONFIM";"03077";"BONFIM";"5";"13";"Vereador";"Partido isolado";"10";"REPUBLICANOS";"REPUBLICANOS";"230000058393";"PARTIDO ISOLADO";"REPUBLICANOS";"N";"1435";"119"
"26/11/2020";"11:39:02";"2020";"2";"Eleição Ordinária";"1";"426";"Eleições Municipais 2020";"15/11/2020";"M";"RR";"03107";"UIRAMUTÃ";"03107";"UIRAMUTÃ";"7";"13";"Vereador";"Partido isolado";"19";"PODE";"Podemos";"230000149777";"PARTIDO ISOLADO";"PODE";"N";"73";"3"
"26/11/2020";"11:39:02";"2020";"2";"Eleição Ordinária";"1";"426";"Eleições Municipais 2020";"15/11/2020";"M";"RR";"03085";"RORAINÓPOLIS";"03085";"RORAINÓPOLIS";"8";"13";"Vereador";"Partido isolado";"19";"PODE";"Podemos";"230000147775";"PARTIDO ISOLADO";"PODE";"N";"160";"7"
"26/11/2020";"11:39:02";"2020";"2";"Eleição Ordinária";"1";"426";"Eleições Municipais 2020";"15/11/2020";"M";"RR";"03050";"ALTO ALEGRE";"03050";"ALTO ALEGRE";"3";"13";"Vereador";"Partido isolado";"23";"CIDADANIA";"Cidadania";"230000127882";"PARTIDO ISOLADO";"CIDADANIA";"N";"510";"5"
"26/11/2020";"11:39:02";"2020";"2";"Eleição Ordinária";"1";"426";"Eleições Municipais 2020";"15/11/2020";"M";"RR";"03115";"NORMANDIA";"03115";"NORMANDIA";"5";"11";"Prefeito";"Coligação";"28";"PRTB";"Partido Renovador Trabalhista Brasileiro";"230000067858";"UNIDOS POR NORMANDIA";"PRTB / AVANTE";"N";"186";"0"
"26/11/2020";"11:39:02";"2020";"2";"Eleição Ordinária";"1";"426";"Eleições Municipais 2020";"15/11/2020";"M";"RR";"03042";"AMAJARI";"03042";"AMAJARI";"7";"11";"Prefeito";"Coligação";"77";"SOLIDARIEDADE";"Solidariedade";"230000113770";"AMAJARÍ PODE MAIS";"SOLIDARIEDADE / CIDADANIA";"N";"1126";"0"
"26/11/2020";"11:39:02";"2020";"2";"Eleição Ordinária";"1";"426";"Eleições Municipais 2020";"15/11/2020";"M";"RR";"03085";"RORAINÓPOLIS";"03085";"RORAINÓPOLIS";"8";"13";"Vereador";"Partido isolado";"51";"PATRIOTA";"Patriota";"230000090602";"PARTIDO ISOLADO";"PATRIOTA";"N";"1867";"29"
"26/11/2020";"11:39:02";"2020";"2";"Eleição Ordinária";"1";"426";"Eleições Municipais 2020";"15/11/2020";"M";"RR";"03034";"CARACARAÍ";"03034";"CARACARAÍ";"2";"13";"Vereador";"Partido isolado";"90";"PROS";"Partido Republicano da Ordem Social";"230000071023";"PARTIDO ISOLADO";"PROS";"N";"520";"8"
"26/11/2020";"11:39:02";"2020";"2";"Eleição Ordinária";"1";"426";"Eleições Municipais 2020";"15/11/2020";"M";"RR";"03131";"SÃO JOÃO DA BALIZA";"03131";"SÃO JOÃO DA BALIZA";"4";"11";"Prefeito";"Partido isolado";"40";"PSB";"Partido Socialista Brasileiro";"230000059354";"PARTIDO ISOLADO";"PSB";"N";"207";"0"
"26/11/2020";"11:39:02";"2020";"2";"Eleição Ordinária";"1";"426";"Eleições Municipais 2020";"15/11/2020";"M";"RR";"03131";"SÃO JOÃO DA BALIZA";"03131";"SÃO JOÃO DA BALIZA";"4";"11";"Prefeito";"Coligação";"55";"PSD";"Partido Social Democrático";"230000063417";"ALIANÇA POR BALIZA";"REPUBLICANOS / PSD / PV";"N";"1414";"0"
"26/11/2020";"11:39:02";"2020";"2";"Eleição Ordinária";"1";"426";"Eleições Municipais 2020";"15/11/2020";"M";"RR";"03093";"MUCAJAÍ";"03093";"MUCAJAÍ";"6";"13";"Vereador";"Partido isolado";"22";"PL";"Partido Liberal";"230000057260";"PARTIDO ISOLADO";"PL";"N";"2545";"118"
"26/11/2020";"11:39:02";"2020";"2";"Eleição Ordinária";"1";"426";"Eleições Municipais 2020";"15/11/2020";"M";"RR";"03018";"BOA VISTA";"03018";"BOA VISTA";"5";"13";"Vereador";"Partido isolado";"70";"AVANTE";"AVANTE";"230000089101";"PARTIDO ISOLADO";"AVANTE";"N";"710";"21"
"26/11/2020";"11:39:02";"2020";"2";"Eleição Ordinária";"1";"426";"Eleições Municipais 2020";"15/11/2020";"M";"RR";"03050";"ALTO ALEGRE";"03050";"ALTO ALEGRE";"3";"11";"Prefeito";"Coligação";"10";"REPUBLICANOS";"REPUBLICANOS";"230000093375";"UNIDOS POR UM ALTO ALEGRE MELHOR";"REPUBLICANOS / CIDADANIA";"N";"1724";"0"
"26/11/2020";"11:39:02";"2020";"2";"Eleição Ordinária";"1";"426";"Eleições Municipais 2020";"15/11/2020";"M";"RR";"03107";"UIRAMUTÃ";"03107";"UIRAMUTÃ";"7";"11";"Prefeito";"Partido isolado";"10";"REPUBLICANOS";"REPUBLICANOS";"230000113740";"PARTIDO ISOLADO";"REPUBLICANOS";"N";"1122";"0"
"26/11/2020";"11:39:02";"2020";"2";"Eleição Ordinária";"1";"426";"Eleições Municipais 2020";"15/11/2020";"M";"RR";"03018";"BOA VISTA";"03018";"BOA VISTA";"5";"11";"Prefeito";"Coligação";"15";"MDB";"Movimento Democrático Brasileiro";"230000061477";"O TRABALHO CONTINUA";"MDB / PMB / AVANTE";"N";"32468";"0"
"26/11/2020";"11:39:02";"2020";"2";"Eleição Ordinária";"1";"426";"Eleições Municipais 2020";"15/11/2020";"M";"RR";"03034";"CARACARAÍ";"03034";"CARACARAÍ";"2";"13";"Vereador";"Partido isolado";"15";"MDB";"Movimento Democrático Brasileiro";"230000085803";"PARTIDO ISOLADO";"MDB";"N";"1513";"103"
"26/11/2020";"11:39:02";"2020";"2";"Eleição Ordinária";"1";"426";"Eleições Municipais 2020";"15/11/2020";"M";"RR";"03018";"BOA VISTA";"03018";"BOA VISTA";"5";"13";"Vereador";"Partido isolado";"13";"PT";"Partido dos Trabalhadores";"230000127416";"PARTIDO ISOLADO";"PT";"N";"1657";"43"
"26/11/2020";"11:39:02";"2020";"2";"Eleição Ordinária";"1";"426";"Eleições Municipais 2020";"15/11/2020";"M";"RR";"03069";"CANTÁ";"03069";"CANTÁ";"5";"13";"Vereador";"Partido isolado";"15";"MDB";"Movimento Democrático Brasileiro";"230000091567";"PARTIDO ISOLADO";"MDB";"N";"1002";"19"
"26/11/2020";"11:39:02";"2020";"2";"Eleição Ordinária";"1";"426";"Eleições Municipais 2020";"15/11/2020";"M";"RR";"03000";"CAROEBE";"03000";"CAROEBE";"4";"11";"Prefeito";"Coligação";"10";"REPUBLICANOS";"REPUBLICANOS";"230000063416";"UNIDOS POR UM CAROEBE MELHOR";"REPUBLICANOS / CIDADANIA";"N";"2387";"0"
"26/11/2020";"11:39:02";"2020";"2";"Eleição Ordinária";"1";"426";"Eleições Municipais 2020";"15/11/2020";"M";"RR";"03034";"CARACARAÍ";"03034";"CARACARAÍ";"2";"13";"Vereador";"Partido isolado";"20";"PSC";"Partido Social Cristão";"230000061587";"PARTIDO ISOLADO";"PSC";"N";"181";"12"
"26/11/2020";"11:39:02";"2020";"2";"Eleição Ordinária";"1";"426";"Eleições Municipais 2020";"15/11/2020";"M";"RR";"03018";"BOA VISTA";"03018";"BOA VISTA";"5";"11";"Prefeito";"Coligação";"11";"PP";"PROGRESSISTAS";"230000128282";"COMPETÊNCIA PARA CONTINUAR";"PDT / PP";"N";"2224";"0"
"26/11/2020";"11:39:02";"2020";"2";"Eleição Ordinária";"1";"426";"Eleições Municipais 2020";"15/11/2020";"M";"RR";"03026";"IRACEMA";"03026";"IRACEMA";"6";"11";"Prefeito";"Coligação";"15";"MDB";"Movimento Democrático Brasileiro";"230000060557";"IRACEMA SEM PARAR";"REPUBLICANOS / SOLIDARIEDADE / PP / MDB";"N";"2943";"0"
"26/11/2020";"11:39:02";"2020";"2";"Eleição Ordinária";"1";"426";"Eleições Municipais 2020";"15/11/2020";"M";"RR";"03018";"BOA VISTA";"03018";"BOA VISTA";"1";"13";"Vereador";"Partido isolado";"10";"REPUBLICANOS";"REPUBLICANOS";"230000075162";"PARTIDO ISOLADO";"REPUBLICANOS";"N";"9893";"91"
"26/11/2020";"11:39:02";"2020";"2";"Eleição Ordinária";"1";"426";"Eleições Municipais 2020";"15/11/2020";"M";"RR";"03158";"SÃO LUIZ";"03158";"SÃO LUIZ";"4";"13";"Vereador";"Partido isolado";"15";"MDB";"Movimento Democrático Brasileiro";"230000087099";"PARTIDO ISOLADO";"MDB";"N";"1081";"19"
"26/11/2020";"11:39:02";"2020";"2";"Eleição Ordinária";"1";"426";"Eleições Municipais 2020";"15/11/2020";"M";"RR";"03077";"BONFIM";"03077";"BONFIM";"5";"13";"Vereador";"Partido isolado";"12";"PDT";"Partido Democrático Trabalhista";"230000067847";"PARTIDO ISOLADO";"PDT";"N";"128";"27"
"26/11/2020";"11:39:02";"2020";"2";"Eleição Ordinária";"1";"426";"Eleições Municipais 2020";"15/11/2020";"M";"RR";"03018";"BOA VISTA";"03018";"BOA VISTA";"1";"13";"Vereador";"Partido isolado";"33";"PMN";"Partido da Mobilização Nacional";"230000154912";"PARTIDO ISOLADO";"PMN";"N";"323";"30"
"26/11/2020";"11:39:02";"2020";"2";"Eleição Ordinária";"1";"426";"Eleições Municipais 2020";"15/11/2020";"M";"RR";"03018";"BOA VISTA";"03018";"BOA VISTA";"5";"13";"Vereador";"Partido isolado";"50";"PSOL";"Partido Socialismo e Liberdade";"230000089040";"PARTIDO ISOLADO";"PSOL";"N";"143";"19"
"26/11/2020";"11:39:02";"2020";"2";"Eleição Ordinária";"1";"426";"Eleições Municipais 2020";"15/11/2020";"M";"RR";"03034";"CARACARAÍ";"03034";"CARACARAÍ";"2";"13";"Vereador";"Partido isolado";"77";"SOLIDARIEDADE";"Solidariedade";"230000079198";"PARTIDO ISOLADO";"SOLIDARIEDADE";"N";"2026";"68"
"26/11/2020";"11:39:02";"2020";"2";"Eleição Ordinária";"1";"426";"Eleições Municipais 2020";"15/11/2020";"M";"RR";"03077";"BONFIM";"03077";"BONFIM";"5";"11";"Prefeito";"Coligação";"10";"REPUBLICANOS";"REPUBLICANOS";"230000052433";"UNIDOS POR BONFIM";"REPUBLICANOS / REDE / PL / CIDADANIA / PROS / PRTB";"N";"5261";"0"
"26/11/2020";"11:39:02";"2020";"2";"Eleição Ordinária";"1";"426";"Eleições Municipais 2020";"15/11/2020";"M";"RR";"03018";"BOA VISTA";"03018";"BOA VISTA";"1";"11";"Prefeito";"Coligação";"18";"REDE";"Rede Sustentabilidade";"230000128258";"BOA VISTA MELHOR E DIFERENTE";"REDE / PC do B / PV";"N";"10545";"0"
"26/11/2020";"11:39:02";"2020";"2";"Eleição Ordinária";"1";"426";"Eleições Municipais 2020";"15/11/2020";"M";"RR";"03085";"RORAINÓPOLIS";"03085";"RORAINÓPOLIS";"8";"11";"Prefeito";"Partido isolado";"43";"PV";"Partido Verde";"230000075370";"PARTIDO ISOLADO";"PV";"N";"1160";"0"
"26/11/2020";"11:39:02";"2020";"2";"Eleição Ordinária";"1";"426";"Eleições Municipais 2020";"15/11/2020";"M";"RR";"03018";"BOA VISTA";"03018";"BOA VISTA";"5";"13";"Vereador";"Partido isolado";"11";"PP";"PROGRESSISTAS";"230000088894";"PARTIDO ISOLADO";"PP";"N";"2654";"131"
"26/11/2020";"11:39:02";"2020";"2";"Eleição Ordinária";"1";"426";"Eleições Municipais 2020";"15/11/2020";"M";"RR";"03069";"CANTÁ";"03069";"CANTÁ";"5";"13";"Vereador";"Partido isolado";"18";"REDE";"Rede Sustentabilidade";"230000069828";"PARTIDO ISOLADO";"REDE";"N";"417";"8"
"26/11/2020";"11:39:02";"2020";"2";"Eleição Ordinária";"1";"426";"Eleições Municipais 2020";"15/11/2020";"M";"RR";"03085";"RORAINÓPOLIS";"03085";"RORAINÓPOLIS";"8";"13";"Vereador";"Partido isolado";"40";"PSB";"Partido Socialista Brasileiro";"230000128671";"PARTIDO ISOLADO";"PSB";"N";"245";"3"
"26/11/2020";"11:39:02";"2020";"2";"Eleição Ordinária";"1";"426";"Eleições Municipais 2020";"15/11/2020";"M";"RR";"03018";"BOA VISTA";"03018";"BOA VISTA";"1";"13";"Vereador";"Partido isolado";"50";"PSOL";"Partido Socialismo e Liberdade";"230000089040";"PARTIDO ISOLADO";"PSOL";"N";"495";"67"
"26/11/2020";"11:39:02";"2020";"2";"Eleição Ordinária";"1";"426";"Eleições Municipais 2020";"15/11/2020";"M";"RR";"03069";"CANTÁ";"03069";"CANTÁ";"5";"13";"Vereador";"Partido isolado";"55";"PSD";"Partido Social Democrático";"230000125891";"PARTIDO ISOLADO";"PSD";"N";"322";"16"
"26/11/2020";"11:39:02";"2020";"2";"Eleição Ordinária";"1";"426";"Eleições Municipais 2020";"15/11/2020";"M";"RR";"03123";"PACARAIMA";"03123";"PACARAIMA";"7";"11";"Prefeito";"Coligação";"10";"REPUBLICANOS";"REPUBLICANOS";"230000113759";"PACARAIMA NO CORACAO";"REPUBLICANOS / CIDADANIA / PV / PSDB / SOLIDARIEDADE";"N";"2959";"0"
"26/11/2020";"11:39:02";"2020";"2";"Eleição Ordinária";"1";"426";"Eleições Municipais 2020";"15/11/2020";"M";"RR";"03018";"BOA VISTA";"03018";"BOA VISTA";"5";"11";"Prefeito";"Partido isolado";"22";"PL";"Partido Liberal";"230000089086";"PARTIDO ISOLADO";"PL";"N";"1958";"0"
"26/11/2020";"11:39:02";"2020";"2";"Eleição Ordinária";"1";"426";"Eleições Municipais 2020";"15/11/2020";"M";"RR";"03034";"CARACARAÍ";"03034";"CARACARAÍ";"2";"11";"Prefeito";"Coligação";"77";"SOLIDARIEDADE";"Solidariedade";"230000097389";"UNIDOS POR CARACARAÍ";"SOLIDARIEDADE / PATRIOTA / PROS / CIDADANIA";"N";"4098";"0"
"26/11/2020";"11:39:02";"2020";"2";"Eleição Ordinária";"1";"426";"Eleições Municipais 2020";"15/11/2020";"M";"RR";"03115";"NORMANDIA";"03115";"NORMANDIA";"5";"11";"Prefeito";"Partido isolado";"20";"PSC";"Partido Social Cristão";"230000112690";"PARTIDO ISOLADO";"PSC";"N";"301";"0"
"26/11/2020";"11:39:02";"2020";"2";"Eleição Ordinária";"1";"426";"Eleições Municipais 2020";"15/11/2020";"M";"RR";"03018";"BOA VISTA";"03018";"BOA VISTA";"1";"11";"Prefeito";"Coligação";"45";"PSDB";"Partido da Social Democracia Brasileira";"230000150593";"BOA VISTA SEGUE EM FRENTE";"PSD / PSDB / REPUBLICANOS / DEM";"N";"7558";"0"
"26/11/2020";"11:39:02";"2020";"2";"Eleição Ordinária";"1";"426";"Eleições Municipais 2020";"15/11/2020";"M";"RR";"03085";"RORAINÓPOLIS";"03085";"RORAINÓPOLIS";"8";"13";"Vereador";"Partido isolado";"10";"REPUBLICANOS";"REPUBLICANOS";"230000114208";"PARTIDO ISOLADO";"REPUBLICANOS";"N";"1714";"25"
"26/11/2020";"11:39:02";"2020";"2";"Eleição Ordinária";"1";"426";"Eleições Municipais 2020";"15/11/2020";"M";"RR";"03085";"RORAINÓPOLIS";"03085";"RORAINÓPOLIS";"8";"11";"Prefeito";"Coligação";"55";"PSD";"Partido Social Democrático";"230000147552";"PARA MELHORAR TEM QUE RENOVAR";"DEM / PSD / PC do B / PP / PSC / PDT / PRTB";"N";"4464";"0"
"26/11/2020";"11:39:02";"2020";"2";"Eleição Ordinária";"1";"426";"Eleições Municipais 2020";"15/11/2020";"M";"RR";"03034";"CARACARAÍ";"03034";"CARACARAÍ";"2";"13";"Vereador";"Partido isolado";"10";"REPUBLICANOS";"REPUBLICANOS";"230000062531";"PARTIDO ISOLADO";"REPUBLICANOS";"N";"1118";"14"
"26/11/2020";"11:39:02";"2020";"2";"Eleição Ordinária";"1";"426";"Eleições Municipais 2020";"15/11/2020";"M";"RR";"03107";"UIRAMUTÃ";"03107";"UIRAMUTÃ";"7";"13";"Vereador";"Partido isolado";"10";"REPUBLICANOS";"REPUBLICANOS";"230000113742";"PARTIDO ISOLADO";"REPUBLICANOS";"N";"841";"50"
"26/11/2020";"11:39:02";"2020";"2";"Eleição Ordinária";"1";"426";"Eleições Municipais 2020";"15/11/2020";"M";"RR";"03018";"BOA VISTA";"03018";"BOA VISTA";"5";"13";"Vereador";"Partido isolado";"22";"PL";"Partido Liberal";"230000127518";"PARTIDO ISOLADO";"PL";"N";"2531";"128"
"26/11/2020";"11:39:02";"2020";"2";"Eleição Ordinária";"1";"426";"Eleições Municipais 2020";"15/11/2020";"M";"RR";"03085";"RORAINÓPOLIS";"03085";"RORAINÓPOLIS";"8";"13";"Vereador";"Partido isolado";"25";"DEM";"Democratas";"230000126479";"PARTIDO ISOLADO";"DEM";"N";"657";"8"
"26/11/2020";"11:39:02";"2020";"2";"Eleição Ordinária";"1";"426";"Eleições Municipais 2020";"15/11/2020";"M";"RR";"03018";"BOA VISTA";"03018";"BOA VISTA";"5";"13";"Vereador";"Partido isolado";"33";"PMN";"Partido da Mobilização Nacional";"230000154912";"PARTIDO ISOLADO";"PMN";"N";"327";"36"
"26/11/2020";"11:39:02";"2020";"2";"Eleição Ordinária";"1";"426";"Eleições Municipais 2020";"15/11/2020";"M";"RR";"03093";"MUCAJAÍ";"03093";"MUCAJAÍ";"6";"13";"Vereador";"Partido isolado";"45";"PSDB";"Partido da Social Democracia Brasileira";"230000149976";"PARTIDO ISOLADO";"PSDB";"N";"905";"19"
"26/11/2020";"11:39:02";"2020";"2";"Eleição Ordinária";"1";"426";"Eleições Municipais 2020";"15/11/2020";"M";"RR";"03077";"BONFIM";"03077";"BONFIM";"5";"13";"Vereador";"Partido isolado";"20";"PSC";"Partido Social Cristão";"230000110006";"PARTIDO ISOLADO";"PSC";"N";"122";"3"
"26/11/2020";"11:39:02";"2020";"2";"Eleição Ordinária";"1";"426";"Eleições Municipais 2020";"15/11/2020";"M";"RR";"03123";"PACARAIMA";"03123";"PACARAIMA";"7";"13";"Vereador";"Partido isolado";"28";"PRTB";"Partido Renovador Trabalhista Brasileiro";"230000090882";"PARTIDO ISOLADO";"PRTB";"N";"696";"76"
"26/11/2020";"11:39:02";"2020";"2";"Eleição Ordinária";"1";"426";"Eleições Municipais 2020";"15/11/2020";"M";"RR";"03042";"AMAJARI";"03042";"AMAJARI";"7";"13";"Vereador";"Partido isolado";"43";"PV";"Partido Verde";"230000094958";"PARTIDO ISOLADO";"PV";"N";"355";"8"
"26/11/2020";"11:39:02";"2020";"2";"Eleição Ordinária";"1";"426";"Eleições Municipais 2020";"15/11/2020";"M";"RR";"03077";"BONFIM";"03077";"BONFIM";"5";"13";"Vereador";"Partido isolado";"90";"PROS";"Partido Republicano da Ordem Social";"230000058269";"PARTIDO ISOLADO";"PROS";"N";"1906";"24"
"26/11/2020";"11:39:02";"2020";"2";"Eleição Ordinária";"1";"426";"Eleições Municipais 2020";"15/11/2020";"M";"RR";"03123";"PACARAIMA";"03123";"PACARAIMA";"7";"11";"Prefeito";"Partido isolado";"90";"PROS";"Partido Republicano da Ordem Social";"230000149984";"PARTIDO ISOLADO";"PROS";"N";"585";"0"
"26/11/2020";"11:39:02";"2020";"2";"Eleição Ordinária";"1";"426";"Eleições Municipais 2020";"15/11/2020";"M";"RR";"03018";"BOA VISTA";"03018";"BOA VISTA";"1";"11";"Prefeito";"Partido isolado";"19";"PODE";"Podemos";"230000088961";"PARTIDO ISOLADO";"PODE";"N";"3857";"0"
"26/11/2020";"11:39:02";"2020";"2";"Eleição Ordinária";"1";"426";"Eleições Municipais 2020";"15/11/2020";"M";"RR";"03042";"AMAJARI";"03042";"AMAJARI";"7";"13";"Vereador";"Partido isolado";"77";"SOLIDARIEDADE";"Solidariedade";"230000113821";"PARTIDO ISOLADO";"SOLIDARIEDADE";"N";"769";"46"
"26/11/2020";"11:39:02";"2020";"2";"Eleição Ordinária";"1";"426";"Eleições Municipais 2020";"15/11/2020";"M";"RR";"03085";"RORAINÓPOLIS";"03085";"RORAINÓPOLIS";"8";"13";"Vereador";"Partido isolado";"77";"SOLIDARIEDADE";"Solidariedade";"230000154239";"PARTIDO ISOLADO";"SOLIDARIEDADE";"N";"2532";"152"
"26/11/2020";"11:39:02";"2020";"2";"Eleição Ordinária";"1";"426";"Eleições Municipais 2020";"15/11/2020";"M";"RR";"03018";"BOA VISTA";"03018";"BOA VISTA";"5";"13";"Vereador";"Partido isolado";"17";"PSL";"Partido Social Liberal";"230000051635";"PARTIDO ISOLADO";"PSL";"N";"3708";"156"
"26/11/2020";"11:39:02";"2020";"2";"Eleição Ordinária";"1";"426";"Eleições Municipais 2020";"15/11/2020";"M";"RR";"03077";"BONFIM";"03077";"BONFIM";"5";"13";"Vereador";"Partido isolado";"55";"PSD";"Partido Social Democrático";"230000148453";"PARTIDO ISOLADO";"PSD";"N";"41";"2"
"26/11/2020";"11:39:02";"2020";"2";"Eleição Ordinária";"1";"426";"Eleições Municipais 2020";"15/11/2020";"M";"RR";"03115";"NORMANDIA";"03115";"NORMANDIA";"5";"11";"Prefeito";"Coligação";"22";"PL";"Partido Liberal";"230000125246";"TRABALHO COM CERTEZA";"REPUBLICANOS / PT / PL / CIDADANIA";"N";"1225";"0"
"26/11/2020";"11:39:02";"2020";"2";"Eleição Ordinária";"1";"426";"Eleições Municipais 2020";"15/11/2020";"M";"RR";"03069";"CANTÁ";"03069";"CANTÁ";"5";"13";"Vereador";"Partido isolado";"45";"PSDB";"Partido da Social Democracia Brasileira";"230000106776";"PARTIDO ISOLADO";"PSDB";"N";"1244";"20"
"26/11/2020";"11:39:02";"2020";"2";"Eleição Ordinária";"1";"426";"Eleições Municipais 2020";"15/11/2020";"M";"RR";"03018";"BOA VISTA";"03018";"BOA VISTA";"1";"13";"Vereador";"Partido isolado";"70";"AVANTE";"AVANTE";"230000089101";"PARTIDO ISOLADO";"AVANTE";"N";"837";"16"
"26/11/2020";"11:39:02";"2020";"2";"Eleição Ordinária";"1";"426";"Eleições Municipais 2020";"15/11/2020";"M";"RR";"03018";"BOA VISTA";"03018";"BOA VISTA";"5";"13";"Vereador";"Partido isolado";"19";"PODE";"Podemos";"230000088960";"PARTIDO ISOLADO";"PODE";"N";"1935";"160"
"26/11/2020";"11:39:02";"2020";"2";"Eleição Ordinária";"1";"426";"Eleições Municipais 2020";"15/11/2020";"M";"RR";"03034";"CARACARAÍ";"03034";"CARACARAÍ";"2";"13";"Vereador";"Partido isolado";"51";"PATRIOTA";"Patriota";"230000060762";"PARTIDO ISOLADO";"PATRIOTA";"N";"2019";"31"
"26/11/2020";"11:39:02";"2020";"2";"Eleição Ordinária";"1";"426";"Eleições Municipais 2020";"15/11/2020";"M";"RR";"03085";"RORAINÓPOLIS";"03085";"RORAINÓPOLIS";"8";"13";"Vereador";"Partido isolado";"90";"PROS";"Partido Republicano da Ordem Social";"230000106279";"PARTIDO ISOLADO";"PROS";"N";"1223";"14"
"26/11/2020";"11:39:02";"2020";"2";"Eleição Ordinária";"1";"426";"Eleições Municipais 2020";"15/11/2020";"M";"RR";"03000";"CAROEBE";"03000";"CAROEBE";"4";"13";"Vereador";"Partido isolado";"77";"SOLIDARIEDADE";"Solidariedade";"230000099001";"PARTIDO ISOLADO";"SOLIDARIEDADE";"N";"1905";"90"
"26/11/2020";"11:39:02";"2020";"2";"Eleição Ordinária";"1";"426";"Eleições Municipais 2020";"15/11/2020";"M";"RR";"03131";"SÃO JOÃO DA BALIZA";"03131";"SÃO JOÃO DA BALIZA";"4";"13";"Vereador";"Partido isolado";"43";"PV";"Partido Verde";"230000060218";"PARTIDO ISOLADO";"PV";"N";"446";"9"
"26/11/2020";"11:39:02";"2020";"2";"Eleição Ordinária";"1";"426";"Eleições Municipais 2020";"15/11/2020";"M";"RR";"03069";"CANTÁ";"03069";"CANTÁ";"5";"13";"Vereador";"Partido isolado";"90";"PROS";"Partido Republicano da Ordem Social";"230000093506";"PARTIDO ISOLADO";"PROS";"N";"1307";"103"
"26/11/2020";"11:39:02";"2020";"2";"Eleição Ordinária";"1";"426";"Eleições Municipais 2020";"15/11/2020";"M";"RR";"03123";"PACARAIMA";"03123";"PACARAIMA";"7";"11";"Prefeito";"Coligação";"28";"PRTB";"Partido Renovador Trabalhista Brasileiro";"230000058627";"COMPROMISSO COM PACARAIMA";"PRTB / PDT / REDE";"N";"2541";"0"
"26/11/2020";"11:39:02";"2020";"2";"Eleição Ordinária";"1";"426";"Eleições Municipais 2020";"15/11/2020";"M";"RR";"03018";"BOA VISTA";"03018";"BOA VISTA";"1";"11";"Prefeito";"Partido isolado";"50";"PSOL";"Partido Socialismo e Liberdade";"230000089041";"PARTIDO ISOLADO";"PSOL";"N";"675";"0"
"26/11/2020";"11:39:02";"2020";"2";"Eleição Ordinária";"1";"426";"Eleições Municipais 2020";"15/11/2020";"M";"RR";"03018";"BOA VISTA";"03018";"BOA VISTA";"1";"13";"Vereador";"Partido isolado";"19";"PODE";"Podemos";"230000088960";"PARTIDO ISOLADO";"PODE";"N";"1558";"108"
"26/11/2020";"11:39:02";"2020";"2";"Eleição Ordinária";"1";"426";"Eleições Municipais 2020";"15/11/2020";"M";"RR";"03000";"CAROEBE";"03000";"CAROEBE";"4";"13";"Vereador";"Partido isolado";"90";"PROS";"Partido Republicano da Ordem Social";"230000078495";"PARTIDO ISOLADO";"PROS";"N";"467";"13"
"26/11/2020";"11:39:02";"2020";"2";"Eleição Ordinária";"1";"426";"Eleições Municipais 2020";"15/11/2020";"M";"RR";"03093";"MUCAJAÍ";"03093";"MUCAJAÍ";"6";"11";"Prefeito";"Partido isolado";"43";"PV";"Partido Verde";"230000060547";"PARTIDO ISOLADO";"PV";"N";"103";"0"
"26/11/2020";"11:39:02";"2020";"2";"Eleição Ordinária";"1";"426";"Eleições Municipais 2020";"15/11/2020";"M";"RR";"03018";"BOA VISTA";"03018";"BOA VISTA";"1";"13";"Vereador";"Partido isolado";"90";"PROS";"Partido Republicano da Ordem Social";"230000155374";"PARTIDO ISOLADO";"PROS";"N";"1102";"12"
"26/11/2020";"11:39:02";"2020";"2";"Eleição Ordinária";"1";"426";"Eleições Municipais 2020";"15/11/2020";"M";"RR";"03018";"BOA VISTA";"03018";"BOA VISTA";"1";"13";"Vereador";"Partido isolado";"11";"PP";"PROGRESSISTAS";"230000088894";"PARTIDO ISOLADO";"PP";"N";"3567";"130"
"26/11/2020";"11:39:02";"2020";"2";"Eleição Ordinária";"1";"426";"Eleições Municipais 2020";"15/11/2020";"M";"RR";"03050";"ALTO ALEGRE";"03050";"ALTO ALEGRE";"3";"11";"Prefeito";"Coligação";"55";"PSD";"Partido Social Democrático";"230000061851";"ALTO ALEGRE NO RUMO CERTO";"PSD / PP";"N";"3928";"0"
"26/11/2020";"11:39:02";"2020";"2";"Eleição Ordinária";"1";"426";"Eleições Municipais 2020";"15/11/2020";"M";"RR";"03131";"SÃO JOÃO DA BALIZA";"03131";"SÃO JOÃO DA BALIZA";"4";"11";"Prefeito";"Coligação";"77";"SOLIDARIEDADE";"Solidariedade";"230000058440";"CONSTRUINDO COM AMOR O BALIZA QUE QUEREMOS";"SOLIDARIEDADE / DC / PT";"N";"2021";"0"
"26/11/2020";"11:39:02";"2020";"2";"Eleição Ordinária";"1";"426";"Eleições Municipais 2020";"15/11/2020";"M";"RR";"03018";"BOA VISTA";"03018";"BOA VISTA";"1";"13";"Vereador";"Partido isolado";"15";"MDB";"Movimento Democrático Brasileiro";"230000087683";"PARTIDO ISOLADO";"MDB";"N";"5461";"778"
"26/11/2020";"11:39:02";"2020";"2";"Eleição Ordinária";"1";"426";"Eleições Municipais 2020";"15/11/2020";"M";"RR";"03018";"BOA VISTA";"03018";"BOA VISTA";"5";"13";"Vereador";"Partido isolado";"20";"PSC";"Partido Social Cristão";"230000061467";"PARTIDO ISOLADO";"PSC";"N";"2037";"23"
"26/11/2020";"11:39:02";"2020";"2";"Eleição Ordinária";"1";"426";"Eleições Municipais 2020";"15/11/2020";"M";"RR";"03069";"CANTÁ";"03069";"CANTÁ";"5";"13";"Vereador";"Partido isolado";"23";"CIDADANIA";"Cidadania";"230000075696";"PARTIDO ISOLADO";"CIDADANIA";"N";"980";"17"
"26/11/2020";"11:39:02";"2020";"2";"Eleição Ordinária";"1";"426";"Eleições Municipais 2020";"15/11/2020";"M";"RR";"03050";"ALTO ALEGRE";"03050";"ALTO ALEGRE";"3";"13";"Vereador";"Partido isolado";"77";"SOLIDARIEDADE";"Solidariedade";"230000068014";"PARTIDO ISOLADO";"SOLIDARIEDADE";"N";"1136";"14"
"26/11/2020";"11:39:02";"2020";"2";"Eleição Ordinária";"1";"426";"Eleições Municipais 2020";"15/11/2020";"M";"RR";"03018";"BOA VISTA";"03018";"BOA VISTA";"1";"11";"Prefeito";"Coligação";"15";"MDB";"Movimento Democrático Brasileiro";"230000061477";"O TRABALHO CONTINUA";"MDB / PMB / AVANTE";"N";"45957";"0"
"26/11/2020";"11:39:02";"2020";"2";"Eleição Ordinária";"1";"426";"Eleições Municipais 2020";"15/11/2020";"M";"RR";"03069";"CANTÁ";"03069";"CANTÁ";"5";"13";"Vereador";"Partido isolado";"51";"PATRIOTA";"Patriota";"230000073859";"PARTIDO ISOLADO";"PATRIOTA";"N";"1316";"19"
"26/11/2020";"11:39:02";"2020";"2";"Eleição Ordinária";"1";"426";"Eleições Municipais 2020";"15/11/2020";"M";"RR";"03018";"BOA VISTA";"03018";"BOA VISTA";"5";"13";"Vereador";"Partido isolado";"51";"PATRIOTA";"Patriota";"230000089085";"PARTIDO ISOLADO";"PATRIOTA";"N";"1449";"13"
"26/11/2020";"11:39:02";"2020";"2";"Eleição Ordinária";"1";"426";"Eleições Municipais 2020";"15/11/2020";"M";"RR";"03158";"SÃO LUIZ";"03158";"SÃO LUIZ";"4";"11";"Prefeito";"Coligação";"25";"DEM";"Democratas";"230000079263";"São Luiz mais Feliz";"CIDADANIA / PROS / DEM";"N";"1486";"0"
"26/11/2020";"11:39:02";"2020";"2";"Eleição Ordinária";"1";"426";"Eleições Municipais 2020";"15/11/2020";"M";"RR";"03069";"CANTÁ";"03069";"CANTÁ";"5";"11";"Prefeito";"Coligação";"90";"PROS";"Partido Republicano da Ordem Social";"230000089470";"O CANTÁ NÃO PODE PARAR";"PC do B / PROS / AVANTE / PODE / REDE";"N";"3171";"0"
"26/11/2020";"11:39:02";"2020";"2";"Eleição Ordinária";"1";"426";"Eleições Municipais 2020";"15/11/2020";"M";"RR";"03115";"NORMANDIA";"03115";"NORMANDIA";"5";"13";"Vereador";"Partido isolado";"43";"PV";"Partido Verde";"230000059807";"PARTIDO ISOLADO";"PV";"N";"203";"9"
"26/11/2020";"11:39:02";"2020";"2";"Eleição Ordinária";"1";"426";"Eleições Municipais 2020";"15/11/2020";"M";"RR";"03115";"NORMANDIA";"03115";"NORMANDIA";"5";"13";"Vereador";"Partido isolado";"45";"PSDB";"Partido da Social Democracia Brasileira";"230000126863";"PARTIDO ISOLADO";"PSDB";"N";"310";"44"
"26/11/2020";"11:39:02";"2020";"2";"Eleição Ordinária";"1";"426";"Eleições Municipais 2020";"15/11/2020";"M";"RR";"03018";"BOA VISTA";"03018";"BOA VISTA";"1";"11";"Prefeito";"Coligação";"77";"SOLIDARIEDADE";"Solidariedade";"230000089524";"BOA VISTA PARA TODOS";"SOLIDARIEDADE / PATRIOTA / PT / PSC / PSB / PTC / PRTB / PROS / DC / CIDADANIA / PTB";"N";"9403";"0"
"26/11/2020";"11:39:02";"2020";"2";"Eleição Ordinária";"1";"426";"Eleições Municipais 2020";"15/11/2020";"M";"RR";"03158";"SÃO LUIZ";"03158";"SÃO LUIZ";"4";"11";"Prefeito";"Coligação";"77";"SOLIDARIEDADE";"Solidariedade";"230000058379";"AVANTE SÃO LUIZ";"SOLIDARIEDADE / MDB / REPUBLICANOS";"N";"2925";"0"
"26/11/2020";"11:39:02";"2020";"2";"Eleição Ordinária";"1";"426";"Eleições Municipais 2020";"15/11/2020";"M";"RR";"03123";"PACARAIMA";"03123";"PACARAIMA";"7";"13";"Vereador";"Partido isolado";"18";"REDE";"Rede Sustentabilidade";"230000149733";"PARTIDO ISOLADO";"REDE";"N";"126";"4"
"26/11/2020";"11:39:02";"2020";"2";"Eleição Ordinária";"1";"426";"Eleições Municipais 2020";"15/11/2020";"M";"RR";"03069";"CANTÁ";"03069";"CANTÁ";"5";"13";"Vereador";"Partido isolado";"65";"PC do B";"Partido Comunista do Brasil";"230000089469";"PARTIDO ISOLADO";"PC do B";"N";"36";"0"
"26/11/2020";"11:39:02";"2020";"2";"Eleição Ordinária";"1";"426";"Eleições Municipais 2020";"15/11/2020";"M";"RR";"03158";"SÃO LUIZ";"03158";"SÃO LUIZ";"4";"13";"Vereador";"Partido isolado";"77";"SOLIDARIEDADE";"Solidariedade";"230000087164";"PARTIDO ISOLADO";"SOLIDARIEDADE";"N";"2061";"96"
"26/11/2020";"11:39:02";"2020";"2";"Eleição Ordinária";"1";"426";"Eleições Municipais 2020";"15/11/2020";"M";"RR";"03093";"MUCAJAÍ";"03093";"MUCAJAÍ";"6";"11";"Prefeito";"Coligação";"10";"REPUBLICANOS";"REPUBLICANOS";"230000075905";"UNIDOS POR UMA MUCAJAÍ MELHOR";"PROS / PSDB / REPUBLICANOS";"N";"4071";"0"
"26/11/2020";"11:39:02";"2020";"2";"Eleição Ordinária";"1";"426";"Eleições Municipais 2020";"15/11/2020";"M";"RR";"03018";"BOA VISTA";"03018";"BOA VISTA";"1";"11";"Prefeito";"Partido isolado";"22";"PL";"Partido Liberal";"230000089086";"PARTIDO ISOLADO";"PL";"N";"2540";"0"
"26/11/2020";"11:39:02";"2020";"2";"Eleição Ordinária";"1";"426";"Eleições Municipais 2020";"15/11/2020";"M";"RR";"03093";"MUCAJAÍ";"03093";"MUCAJAÍ";"6";"13";"Vereador";"Partido isolado";"10";"REPUBLICANOS";"REPUBLICANOS";"230000080056";"PARTIDO ISOLADO";"REPUBLICANOS";"N";"1555";"118"
"26/11/2020";"11:39:02";"2020";"2";"Eleição Ordinária";"1";"426";"Eleições Municipais 2020";"15/11/2020";"M";"RR";"03042";"AMAJARI";"03042";"AMAJARI";"7";"11";"Prefeito";"Partido isolado";"43";"PV";"Partido Verde";"230000094959";"PARTIDO ISOLADO";"PV";"N";"299";"0"
"26/11/2020";"11:39:02";"2020";"2";"Eleição Ordinária";"1";"426";"Eleições Municipais 2020";"15/11/2020";"M";"RR";"03000";"CAROEBE";"03000";"CAROEBE";"4";"13";"Vereador";"Partido isolado";"15";"MDB";"Movimento Democrático Brasileiro";"230000107075";"PARTIDO ISOLADO";"MDB";"N";"946";"16"
"26/11/2020";"11:39:02";"2020";"2";"Eleição Ordinária";"1";"426";"Eleições Municipais 2020";"15/11/2020";"M";"RR";"03077";"BONFIM";"03077";"BONFIM";"5";"13";"Vereador";"Partido isolado";"23";"CIDADANIA";"Cidadania";"230000073827";"PARTIDO ISOLADO";"CIDADANIA";"N";"360";"6"
"26/11/2020";"11:39:02";"2020";"2";"Eleição Ordinária";"1";"426";"Eleições Municipais 2020";"15/11/2020";"M";"RR";"03018";"BOA VISTA";"03018";"BOA VISTA";"5";"13";"Vereador";"Partido isolado";"27";"DC";"Democracia Cristã";"230000127984";"PARTIDO ISOLADO";"DC";"N";"3923";"44"
"26/11/2020";"11:39:02";"2020";"2";"Eleição Ordinária";"1";"426";"Eleições Municipais 2020";"15/11/2020";"M";"RR";"03034";"CARACARAÍ";"03034";"CARACARAÍ";"2";"11";"Prefeito";"Coligação";"11";"PP";"PROGRESSISTAS";"230000058470";"RENOVANDO COM O POVO";"PP / REPUBLICANOS";"N";"1410";"0"
"26/11/2020";"11:39:02";"2020";"2";"Eleição Ordinária";"1";"426";"Eleições Municipais 2020";"15/11/2020";"M";"RR";"03077";"BONFIM";"03077";"BONFIM";"5";"11";"Prefeito";"Partido isolado";"43";"PV";"Partido Verde";"230000058394";"PARTIDO ISOLADO";"PV";"N";"404";"0"
"26/11/2020";"11:39:02";"2020";"2";"Eleição Ordinária";"1";"426";"Eleições Municipais 2020";"15/11/2020";"M";"RR";"03107";"UIRAMUTÃ";"03107";"UIRAMUTÃ";"7";"13";"Vereador";"Partido isolado";"18";"REDE";"Rede Sustentabilidade";"230000070710";"PARTIDO ISOLADO";"REDE";"N";"380";"127"
"26/11/2020";"11:39:02";"2020";"2";"Eleição Ordinária";"1";"426";"Eleições Municipais 2020";"15/11/2020";"M";"RR";"03050";"ALTO ALEGRE";"03050";"ALTO ALEGRE";"3";"13";"Vereador";"Partido isolado";"55";"PSD";"Partido Social Democrático";"230000067395";"PARTIDO ISOLADO";"PSD";"N";"1127";"97"
"26/11/2020";"11:39:02";"2020";"2";"Eleição Ordinária";"1";"426";"Eleições Municipais 2020";"15/11/2020";"M";"RR";"03131";"SÃO JOÃO DA BALIZA";"03131";"SÃO JOÃO DA BALIZA";"4";"13";"Vereador";"Partido isolado";"77";"SOLIDARIEDADE";"Solidariedade";"230000058377";"PARTIDO ISOLADO";"SOLIDARIEDADE";"N";"688";"45"
"26/11/2020";"11:39:02";"2020";"2";"Eleição Ordinária";"1";"426";"Eleições Municipais 2020";"15/11/2020";"M";"RR";"03123";"PACARAIMA";"03123";"PACARAIMA";"7";"13";"Vereador";"Partido isolado";"10";"REPUBLICANOS";"REPUBLICANOS";"230000113756";"PARTIDO ISOLADO";"REPUBLICANOS";"N";"1771";"82"
"26/11/2020";"11:39:02";"2020";"2";"Eleição Ordinária";"1";"426";"Eleições Municipais 2020";"15/11/2020";"M";"RR";"03018";"BOA VISTA";"03018";"BOA VISTA";"1";"13";"Vereador";"Partido isolado";"14";"PTB";"Partido Trabalhista Brasileiro";"230000076746";"PARTIDO ISOLADO";"PTB";"N";"4287";"55"
"26/11/2020";"11:39:02";"2020";"2";"Eleição Ordinária";"1";"426";"Eleições Municipais 2020";"15/11/2020";"M";"RR";"03018";"BOA VISTA";"03018";"BOA VISTA";"5";"13";"Vereador";"Partido isolado";"15";"MDB";"Movimento Democrático Brasileiro";"230000087683";"PARTIDO ISOLADO";"MDB";"N";"3038";"730"
"26/11/2020";"11:39:02";"2020";"2";"Eleição Ordinária";"1";"426";"Eleições Municipais 2020";"15/11/2020";"M";"RR";"03018";"BOA VISTA";"03018";"BOA VISTA";"1";"13";"Vereador";"Partido isolado";"36";"PTC";"Partido Trabalhista Cristão";"230000089020";"PARTIDO ISOLADO";"PTC";"N";"3931";"24"
"26/11/2020";"11:39:02";"2020";"2";"Eleição Ordinária";"1";"426";"Eleições Municipais 2020";"15/11/2020";"M";"RR";"03093";"MUCAJAÍ";"03093";"MUCAJAÍ";"6";"13";"Vereador";"Partido isolado";"77";"SOLIDARIEDADE";"Solidariedade";"230000057268";"PARTIDO ISOLADO";"SOLIDARIEDADE";"N";"1017";"15"
"26/11/2020";"11:39:02";"2020";"2";"Eleição Ordinária";"1";"426";"Eleições Municipais 2020";"15/11/2020";"M";"RR";"03107";"UIRAMUTÃ";"03107";"UIRAMUTÃ";"7";"13";"Vereador";"Partido isolado";"77";"SOLIDARIEDADE";"Solidariedade";"230000149864";"PARTIDO ISOLADO";"SOLIDARIEDADE";"N";"411";"10"
"26/11/2020";"11:39:02";"2020";"2";"Eleição Ordinária";"1";"426";"Eleições Municipais 2020";"15/11/2020";"M";"RR";"03107";"UIRAMUTÃ";"03107";"UIRAMUTÃ";"7";"13";"Vereador";"Partido isolado";"23";"CIDADANIA";"Cidadania";"230000088986";"PARTIDO ISOLADO";"CIDADANIA";"N";"865";"27"
"26/11/2020";"11:39:02";"2020";"2";"Eleição Ordinária";"1";"426";"Eleições Municipais 2020";"15/11/2020";"M";"RR";"03034";"CARACARAÍ";"03034";"CARACARAÍ";"2";"11";"Prefeito";"Partido isolado";"70";"AVANTE";"AVANTE";"230000085897";"PARTIDO ISOLADO";"AVANTE";"N";"410";"0"
"26/11/2020";"11:39:02";"2020";"2";"Eleição Ordinária";"1";"426";"Eleições Municipais 2020";"15/11/2020";"M";"RR";"03034";"CARACARAÍ";"03034";"CARACARAÍ";"2";"13";"Vereador";"Partido isolado";"11";"PP";"PROGRESSISTAS";"230000060706";"PARTIDO ISOLADO";"PP";"N";"869";"58"
"26/11/2020";"11:39:02";"2020";"2";"Eleição Ordinária";"1";"426";"Eleições Municipais 2020";"15/11/2020";"M";"RR";"03018";"BOA VISTA";"03018";"BOA VISTA";"1";"13";"Vereador";"Partido isolado";"13";"PT";"Partido dos Trabalhadores";"230000127416";"PARTIDO ISOLADO";"PT";"N";"2560";"51"
"26/11/2020";"11:39:02";"2020";"2";"Eleição Ordinária";"1";"426";"Eleições Municipais 2020";"15/11/2020";"M";"RR";"03018";"BOA VISTA";"03018";"BOA VISTA";"5";"13";"Vereador";"Partido isolado";"28";"PRTB";"Partido Renovador Trabalhista Brasileiro";"230000089028";"PARTIDO ISOLADO";"PRTB";"N";"3651";"36"
"26/11/2020";"11:39:02";"2020";"2";"Eleição Ordinária";"1";"426";"Eleições Municipais 2020";"15/11/2020";"M";"RR";"03018";"BOA VISTA";"03018";"BOA VISTA";"5";"11";"Prefeito";"Coligação";"45";"PSDB";"Partido da Social Democracia Brasileira";"230000150593";"BOA VISTA SEGUE EM FRENTE";"PSD / PSDB / REPUBLICANOS / DEM";"N";"6497";"0"
"26/11/2020";"11:39:02";"2020";"2";"Eleição Ordinária";"1";"426";"Eleições Municipais 2020";"15/11/2020";"M";"RR";"03115";"NORMANDIA";"03115";"NORMANDIA";"5";"13";"Vereador";"Partido isolado";"15";"MDB";"Movimento Democrático Brasileiro";"230000087274";"PARTIDO ISOLADO";"MDB";"N";"1028";"54"
"26/11/2020";"11:39:02";"2020";"2";"Eleição Ordinária";"1";"426";"Eleições Municipais 2020";"15/11/2020";"M";"RR";"03018";"BOA VISTA";"03018";"BOA VISTA";"5";"13";"Vereador";"Partido isolado";"35";"PMB";"Partido da Mulher Brasileira";"230000128009";"PARTIDO ISOLADO";"PMB";"N";"2924";"27"
"26/11/2020";"11:39:02";"2020";"2";"Eleição Ordinária";"1";"426";"Eleições Municipais 2020";"15/11/2020";"M";"RR";"03131";"SÃO JOÃO DA BALIZA";"03131";"SÃO JOÃO DA BALIZA";"4";"13";"Vereador";"Partido isolado";"40";"PSB";"Partido Socialista Brasileiro";"230000060219";"PARTIDO ISOLADO";"PSB";"N";"21";"5"
"26/11/2020";"11:39:02";"2020";"2";"Eleição Ordinária";"1";"426";"Eleições Municipais 2020";"15/11/2020";"M";"RR";"03115";"NORMANDIA";"03115";"NORMANDIA";"5";"13";"Vereador";"Partido isolado";"77";"SOLIDARIEDADE";"Solidariedade";"230000106921";"PARTIDO ISOLADO";"SOLIDARIEDADE";"N";"1037";"24"
"26/11/2020";"11:39:02";"2020";"2";"Eleição Ordinária";"1";"426";"Eleições Municipais 2020";"15/11/2020";"M";"RR";"03115";"NORMANDIA";"03115";"NORMANDIA";"5";"13";"Vereador";"Partido isolado";"18";"REDE";"Rede Sustentabilidade";"230000125208";"PARTIDO ISOLADO";"REDE";"N";"328";"8"
"26/11/2020";"11:39:02";"2020";"2";"Eleição Ordinária";"1";"426";"Eleições Municipais 2020";"15/11/2020";"M";"RR";"03115";"NORMANDIA";"03115";"NORMANDIA";"5";"13";"Vereador";"Partido isolado";"40";"PSB";"Partido Socialista Brasileiro";"230000073836";"PARTIDO ISOLADO";"PSB";"N";"195";"22"
"26/11/2020";"11:39:02";"2020";"2";"Eleição Ordinária";"1";"426";"Eleições Municipais 2020";"15/11/2020";"M";"RR";"03123";"PACARAIMA";"03123";"PACARAIMA";"7";"13";"Vereador";"Partido isolado";"77";"SOLIDARIEDADE";"Solidariedade";"230000058626";"PARTIDO ISOLADO";"SOLIDARIEDADE";"N";"925";"15"
"26/11/2020";"11:39:02";"2020";"2";"Eleição Ordinária";"1";"426";"Eleições Municipais 2020";"15/11/2020";"M";"RR";"03018";"BOA VISTA";"03018";"BOA VISTA";"5";"13";"Vereador";"Partido isolado";"23";"CIDADANIA";"Cidadania";"230000127849";"PARTIDO ISOLADO";"CIDADANIA";"N";"1719";"25"
"26/11/2020";"11:39:02";"2020";"2";"Eleição Ordinária";"1";"426";"Eleições Municipais 2020";"15/11/2020";"M";"RR";"03123";"PACARAIMA";"03123";"PACARAIMA";"7";"13";"Vereador";"Partido isolado";"43";"PV";"Partido Verde";"230000094886";"PARTIDO ISOLADO";"PV";"N";"427";"6"
"26/11/2020";"11:39:02";"2020";"2";"Eleição Ordinária";"1";"426";"Eleições Municipais 2020";"15/11/2020";"M";"RR";"03018";"BOA VISTA";"03018";"BOA VISTA";"1";"13";"Vereador";"Partido isolado";"55";"PSD";"Partido Social Democrático";"230000127735";"PARTIDO ISOLADO";"PSD";"N";"5871";"65"
"26/11/2020";"11:39:02";"2020";"2";"Eleição Ordinária";"1";"426";"Eleições Municipais 2020";"15/11/2020";"M";"RR";"03123";"PACARAIMA";"03123";"PACARAIMA";"7";"13";"Vereador";"Partido isolado";"90";"PROS";"Partido Republicano da Ordem Social";"230000150025";"PARTIDO ISOLADO";"PROS";"N";"395";"17"
"26/11/2020";"11:39:02";"2020";"2";"Eleição Ordinária";"1";"426";"Eleições Municipais 2020";"15/11/2020";"M";"RR";"03018";"BOA VISTA";"03018";"BOA VISTA";"5";"11";"Prefeito";"Coligação";"18";"REDE";"Rede Sustentabilidade";"230000128258";"BOA VISTA MELHOR E DIFERENTE";"REDE / PC do B / PV";"N";"5230";"0"
"26/11/2020";"11:39:02";"2020";"2";"Eleição Ordinária";"1";"426";"Eleições Municipais 2020";"15/11/2020";"M";"RR";"03131";"SÃO JOÃO DA BALIZA";"03131";"SÃO JOÃO DA BALIZA";"4";"11";"Prefeito";"Partido isolado";"20";"PSC";"Partido Social Cristão";"230000126415";"PARTIDO ISOLADO";"PSC";"N";"250";"0"
"26/11/2020";"11:39:02";"2020";"2";"Eleição Ordinária";"1";"426";"Eleições Municipais 2020";"15/11/2020";"M";"RR";"03050";"ALTO ALEGRE";"03050";"ALTO ALEGRE";"3";"11";"Prefeito";"Coligação";"22";"PL";"Partido Liberal";"230000068031";"JUNTOS VAMOS RECONSTRUIR ALTO ALGRE";"PL / SOLIDARIEDADE";"N";"2947";"0"
"26/11/2020";"11:39:02";"2020";"2";"Eleição Ordinária";"1";"426";"Eleições Municipais 2020";"15/11/2020";"M";"RR";"03042";"AMAJARI";"03042";"AMAJARI";"7";"11";"Prefeito";"Coligação";"22";"PL";"Partido Liberal";"230000149781";"JUNTOS CUIDAMOS DE AMAJARI";"PSC / PL / PROS";"N";"1445";"0"
"26/11/2020";"11:39:02";"2020";"2";"Eleição Ordinária";"1";"426";"Eleições Municipais 2020";"15/11/2020";"M";"RR";"03018";"BOA VISTA";"03018";"BOA VISTA";"5";"13";"Vereador";"Partido isolado";"12";"PDT";"Partido Democrático Trabalhista";"230000075678";"PARTIDO ISOLADO";"PDT";"N";"257";"64"
"26/11/2020";"11:39:02";"2020";"2";"Eleição Ordinária";"1";"426";"Eleições Municipais 2020";"15/11/2020";"M";"RR";"03018";"BOA VISTA";"03018";"BOA VISTA";"1";"13";"Vereador";"Partido isolado";"17";"PSL";"Partido Social Liberal";"230000051635";"PARTIDO ISOLADO";"PSL";"N";"6315";"196"
"26/11/2020";"11:39:02";"2020";"2";"Eleição Ordinária";"1";"426";"Eleições Municipais 2020";"15/11/2020";"M";"RR";"03018";"BOA VISTA";"03018";"BOA VISTA";"5";"13";"Vereador";"Partido isolado";"36";"PTC";"Partido Trabalhista Cristão";"230000089020";"PARTIDO ISOLADO";"PTC";"N";"2929";"28"
"26/11/2020";"11:39:02";"2020";"2";"Eleição Ordinária";"1";"426";"Eleições Municipais 2020";"15/11/2020";"M";"RR";"03034";"CARACARAÍ";"03034";"CARACARAÍ";"2";"13";"Vereador";"Partido isolado";"33";"PMN";"Partido da Mobilização Nacional";"230000154795";"PARTIDO ISOLADO";"PMN";"N";"108";"7"
"26/11/2020";"11:39:02";"2020";"2";"Eleição Ordinária";"1";"426";"Eleições Municipais 2020";"15/11/2020";"M";"RR";"03000";"CAROEBE";"03000";"CAROEBE";"4";"11";"Prefeito";"Coligação";"55";"PSD";"Partido Social Democrático";"230000076300";"CAROEBE TEM JEITO";"PSD / PSB";"N";"171";"0"
"26/11/2020";"11:39:02";"2020";"2";"Eleição Ordinária";"1";"426";"Eleições Municipais 2020";"15/11/2020";"M";"RR";"03018";"BOA VISTA";"03018";"BOA VISTA";"5";"13";"Vereador";"Partido isolado";"18";"REDE";"Rede Sustentabilidade";"230000088887";"PARTIDO ISOLADO";"REDE";"N";"2863";"103"
"26/11/2020";"11:39:02";"2020";"2";"Eleição Ordinária";"1";"426";"Eleições Municipais 2020";"15/11/2020";"M";"RR";"03050";"ALTO ALEGRE";"03050";"ALTO ALEGRE";"3";"13";"Vereador";"Partido isolado";"22";"PL";"Partido Liberal";"230000074031";"PARTIDO ISOLADO";"PL";"N";"1178";"95"
"26/11/2020";"11:39:02";"2020";"2";"Eleição Ordinária";"1";"426";"Eleições Municipais 2020";"15/11/2020";"M";"RR";"03000";"CAROEBE";"03000";"CAROEBE";"4";"13";"Vereador";"Partido isolado";"10";"REPUBLICANOS";"REPUBLICANOS";"230000058375";"PARTIDO ISOLADO";"REPUBLICANOS";"N";"520";"46"
"26/11/2020";"11:39:02";"2020";"2";"Eleição Ordinária";"1";"426";"Eleições Municipais 2020";"15/11/2020";"M";"RR";"03123";"PACARAIMA";"03123";"PACARAIMA";"7";"13";"Vereador";"Partido isolado";"23";"CIDADANIA";"Cidadania";"230000076281";"PARTIDO ISOLADO";"CIDADANIA";"N";"907";"13"
"26/11/2020";"11:39:02";"2020";"2";"Eleição Ordinária";"1";"426";"Eleições Municipais 2020";"15/11/2020";"M";"RR";"03018";"BOA VISTA";"03018";"BOA VISTA";"1";"13";"Vereador";"Partido isolado";"20";"PSC";"Partido Social Cristão";"230000061467";"PARTIDO ISOLADO";"PSC";"N";"2324";"28"
"26/11/2020";"11:39:02";"2020";"2";"Eleição Ordinária";"1";"426";"Eleições Municipais 2020";"15/11/2020";"M";"RR";"03085";"RORAINÓPOLIS";"03085";"RORAINÓPOLIS";"8";"13";"Vereador";"Partido isolado";"45";"PSDB";"Partido da Social Democracia Brasileira";"230000090684";"PARTIDO ISOLADO";"PSDB";"N";"356";"16"
"26/11/2020";"11:39:02";"2020";"2";"Eleição Ordinária";"1";"426";"Eleições Municipais 2020";"15/11/2020";"M";"RR";"03018";"BOA VISTA";"03018";"BOA VISTA";"1";"13";"Vereador";"Partido isolado";"45";"PSDB";"Partido da Social Democracia Brasileira";"230000149076";"PARTIDO ISOLADO";"PSDB";"N";"1470";"196"
"26/11/2020";"11:39:02";"2020";"2";"Eleição Ordinária";"1";"426";"Eleições Municipais 2020";"15/11/2020";"M";"RR";"03026";"IRACEMA";"03026";"IRACEMA";"6";"11";"Prefeito";"Coligação";"90";"PROS";"Partido Republicano da Ordem Social";"230000069119";"POR UMA IRACEMA MELHOR";"PROS / PATRIOTA";"N";"1265";"0"
"26/11/2020";"11:39:02";"2020";"2";"Eleição Ordinária";"1";"426";"Eleições Municipais 2020";"15/11/2020";"M";"RR";"03018";"BOA VISTA";"03018";"BOA VISTA";"1";"13";"Vereador";"Partido isolado";"18";"REDE";"Rede Sustentabilidade";"230000088887";"PARTIDO ISOLADO";"REDE";"N";"4183";"168"
"26/11/2020";"11:39:02";"2020";"2";"Eleição Ordinária";"1";"426";"Eleições Municipais 2020";"15/11/2020";"M";"RR";"03115";"NORMANDIA";"03115";"NORMANDIA";"5";"11";"Prefeito";"Coligação";"55";"PSD";"Partido Social Democrático";"230000125326";"POR UMA NORMANDIA IGUALITÁRIA E PROMISSORA";"PSD / REDE";"N";"1463";"0"
"26/11/2020";"11:39:02";"2020";"2";"Eleição Ordinária";"1";"426";"Eleições Municipais 2020";"15/11/2020";"M";"RR";"03069";"CANTÁ";"03069";"CANTÁ";"5";"11";"Prefeito";"Coligação";"77";"SOLIDARIEDADE";"Solidariedade";"230000073925";"CANTA SOLIDARIO";"PTB / SOLIDARIEDADE / PSB";"N";"1379";"0"
"26/11/2020";"11:39:02";"2020";"2";"Eleição Ordinária";"1";"426";"Eleições Municipais 2020";"15/11/2020";"M";"RR";"03115";"NORMANDIA";"03115";"NORMANDIA";"5";"13";"Vereador";"Partido isolado";"55";"PSD";"Partido Social Democrático";"230000148410";"PARTIDO ISOLADO";"PSD";"N";"759";"63"
"26/11/2020";"11:39:02";"2020";"2";"Eleição Ordinária";"1";"426";"Eleições Municipais 2020";"15/11/2020";"M";"RR";"03018";"BOA VISTA";"03018";"BOA VISTA";"5";"11";"Prefeito";"Partido isolado";"33";"PMN";"Partido da Mobilização Nacional";"230000154908";"PARTIDO ISOLADO";"PMN";"N";"370";"0"
"26/11/2020";"11:39:02";"2020";"2";"Eleição Ordinária";"1";"426";"Eleições Municipais 2020";"15/11/2020";"M";"RR";"03042";"AMAJARI";"03042";"AMAJARI";"7";"13";"Vereador";"Partido isolado";"23";"CIDADANIA";"Cidadania";"230000073978";"PARTIDO ISOLADO";"CIDADANIA";"N";"116";"3"
"26/11/2020";"11:39:02";"2020";"2";"Eleição Ordinária";"1";"426";"Eleições Municipais 2020";"15/11/2020";"M";"RR";"03050";"ALTO ALEGRE";"03050";"ALTO ALEGRE";"3";"13";"Vereador";"Partido isolado";"90";"PROS";"Partido Republicano da Ordem Social";"230000109240";"PARTIDO ISOLADO";"PROS";"N";"310";"6"
"26/11/2020";"11:39:02";"2020";"2";"Eleição Ordinária";"1";"426";"Eleições Municipais 2020";"15/11/2020";"M";"RR";"03069";"CANTÁ";"03069";"CANTÁ";"5";"13";"Vereador";"Partido isolado";"11";"PP";"PROGRESSISTAS";"230000067818";"PARTIDO ISOLADO";"PP";"N";"1481";"172"
"26/11/2020";"11:39:02";"2020";"2";"Eleição Ordinária";"1";"426";"Eleições Municipais 2020";"15/11/2020";"M";"RR";"03026";"IRACEMA";"03026";"IRACEMA";"6";"13";"Vereador";"Partido isolado";"77";"SOLIDARIEDADE";"Solidariedade";"230000067880";"PARTIDO ISOLADO";"SOLIDARIEDADE";"N";"1569";"24"
"26/11/2020";"11:39:02";"2020";"2";"Eleição Ordinária";"1";"426";"Eleições Municipais 2020";"15/11/2020";"M";"RR";"03026";"IRACEMA";"03026";"IRACEMA";"6";"13";"Vereador";"Partido isolado";"10";"REPUBLICANOS";"REPUBLICANOS";"230000067831";"PARTIDO ISOLADO";"REPUBLICANOS";"N";"929";"8"
"26/11/2020";"11:39:02";"2020";"2";"Eleição Ordinária";"1";"426";"Eleições Municipais 2020";"15/11/2020";"M";"RR";"03115";"NORMANDIA";"03115";"NORMANDIA";"5";"11";"Prefeito";"Coligação";"15";"MDB";"Movimento Democrático Brasileiro";"230000074770";"PRA NORMANDIA VOLTAR A SER FELIZ";"MDB / PTB";"N";"1408";"0"
"26/11/2020";"11:39:02";"2020";"2";"Eleição Ordinária";"1";"426";"Eleições Municipais 2020";"15/11/2020";"M";"RR";"03115";"NORMANDIA";"03115";"NORMANDIA";"5";"13";"Vereador";"Partido isolado";"10";"REPUBLICANOS";"REPUBLICANOS";"230000106766";"PARTIDO ISOLADO";"REPUBLICANOS";"N";"1052";"14"
"26/11/2020";"11:39:02";"2020";"2";"Eleição Ordinária";"1";"426";"Eleições Municipais 2020";"15/11/2020";"M";"RR";"03085";"RORAINÓPOLIS";"03085";"RORAINÓPOLIS";"8";"13";"Vereador";"Partido isolado";"15";"MDB";"Movimento Democrático Brasileiro";"230000106126";"PARTIDO ISOLADO";"MDB";"N";"2769";"63"
"26/11/2020";"11:39:02";"2020";"2";"Eleição Ordinária";"1";"426";"Eleições Municipais 2020";"15/11/2020";"M";"RR";"03131";"SÃO JOÃO DA BALIZA";"03131";"SÃO JOÃO DA BALIZA";"4";"13";"Vereador";"Partido isolado";"27";"DC";"Democracia Cristã";"230000058376";"PARTIDO ISOLADO";"DC";"N";"280";"6"
"26/11/2020";"11:39:02";"2020";"2";"Eleição Ordinária";"1";"426";"Eleições Municipais 2020";"15/11/2020";"M";"RR";"03085";"RORAINÓPOLIS";"03085";"RORAINÓPOLIS";"8";"13";"Vereador";"Partido isolado";"43";"PV";"Partido Verde";"230000076413";"PARTIDO ISOLADO";"PV";"N";"803";"30"
"26/11/2020";"11:39:02";"2020";"2";"Eleição Ordinária";"1";"426";"Eleições Municipais 2020";"15/11/2020";"M";"RR";"03034";"CARACARAÍ";"03034";"CARACARAÍ";"2";"13";"Vereador";"Partido isolado";"45";"PSDB";"Partido da Social Democracia Brasileira";"230000148705";"PARTIDO ISOLADO";"PSDB";"N";"19";"15"
"26/11/2020";"11:39:02";"2020";"2";"Eleição Ordinária";"1";"426";"Eleições Municipais 2020";"15/11/2020";"M";"RR";"03093";"MUCAJAÍ";"03093";"MUCAJAÍ";"6";"13";"Vereador";"Partido isolado";"90";"PROS";"Partido Republicano da Ordem Social";"230000086071";"PARTIDO ISOLADO";"PROS";"N";"755";"18"
"26/11/2020";"11:39:02";"2020";"2";"Eleição Ordinária";"1";"426";"Eleições Municipais 2020";"15/11/2020";"M";"RR";"03042";"AMAJARI";"03042";"AMAJARI";"7";"13";"Vereador";"Partido isolado";"90";"PROS";"Partido Republicano da Ordem Social";"230000149902";"PARTIDO ISOLADO";"PROS";"N";"967";"7"
"26/11/2020";"11:39:02";"2020";"2";"Eleição Ordinária";"1";"426";"Eleições Municipais 2020";"15/11/2020";"M";"RR";"03018";"BOA VISTA";"03018";"BOA VISTA";"5";"13";"Vereador";"Partido isolado";"43";"PV";"Partido Verde";"230000127786";"PARTIDO ISOLADO";"PV";"N";"2130";"11"
"26/11/2020";"11:39:02";"2020";"2";"Eleição Ordinária";"1";"426";"Eleições Municipais 2020";"15/11/2020";"M";"RR";"03018";"BOA VISTA";"03018";"BOA VISTA";"5";"11";"Prefeito";"Partido isolado";"17";"PSL";"Partido Social Liberal";"230000051636";"PARTIDO ISOLADO";"PSL";"N";"6046";"0"
"26/11/2020";"11:39:02";"2020";"2";"Eleição Ordinária";"1";"426";"Eleições Municipais 2020";"15/11/2020";"M";"RR";"03018";"BOA VISTA";"03018";"BOA VISTA";"5";"13";"Vereador";"Partido isolado";"14";"PTB";"Partido Trabalhista Brasileiro";"230000076746";"PARTIDO ISOLADO";"PTB";"N";"2834";"49"
"26/11/2020";"11:39:02";"2020";"2";"Eleição Ordinária";"1";"426";"Eleições Municipais 2020";"15/11/2020";"M";"RR";"03050";"ALTO ALEGRE";"03050";"ALTO ALEGRE";"3";"13";"Vereador";"Partido isolado";"18";"REDE";"Rede Sustentabilidade";"230000093315";"PARTIDO ISOLADO";"REDE";"N";"276";"4"
"26/11/2020";"11:39:02";"2020";"2";"Eleição Ordinária";"1";"426";"Eleições Municipais 2020";"15/11/2020";"M";"RR";"03115";"NORMANDIA";"03115";"NORMANDIA";"5";"13";"Vereador";"Partido isolado";"23";"CIDADANIA";"Cidadania";"230000075758";"PARTIDO ISOLADO";"CIDADANIA";"N";"328";"3"
"26/11/2020";"11:39:02";"2020";"2";"Eleição Ordinária";"1";"426";"Eleições Municipais 2020";"15/11/2020";"M";"RR";"03042";"AMAJARI";"03042";"AMAJARI";"7";"11";"Prefeito";"Coligação";"15";"MDB";"Movimento Democrático Brasileiro";"230000070138";"RECONSTRUIR É PRECISO";"MDB / PSD";"N";"1548";"0"
"26/11/2020";"11:39:02";"2020";"2";"Eleição Ordinária";"1";"426";"Eleições Municipais 2020";"15/11/2020";"M";"RR";"03034";"CARACARAÍ";"03034";"CARACARAÍ";"2";"11";"Prefeito";"Partido isolado";"40";"PSB";"Partido Socialista Brasileiro";"230000068370";"PARTIDO ISOLADO";"PSB";"N";"105";"0"
"26/11/2020";"11:39:02";"2020";"2";"Eleição Ordinária";"1";"426";"Eleições Municipais 2020";"15/11/2020";"M";"RR";"03018";"BOA VISTA";"03018";"BOA VISTA";"5";"13";"Vereador";"Partido isolado";"40";"PSB";"Partido Socialista Brasileiro";"230000127982";"PARTIDO ISOLADO";"PSB";"N";"430";"5"
"26/11/2020";"11:39:02";"2020";"2";"Eleição Ordinária";"1";"426";"Eleições Municipais 2020";"15/11/2020";"M";"RR";"03034";"CARACARAÍ";"03034";"CARACARAÍ";"2";"13";"Vereador";"Partido isolado";"55";"PSD";"Partido Social Democrático";"230000085874";"PARTIDO ISOLADO";"PSD";"N";"1017";"16"
"26/11/2020";"11:39:02";"2020";"2";"Eleição Ordinária";"1";"426";"Eleições Municipais 2020";"15/11/2020";"M";"RR";"03018";"BOA VISTA";"03018";"BOA VISTA";"1";"11";"Prefeito";"Coligação";"11";"PP";"PROGRESSISTAS";"230000128282";"COMPETÊNCIA PARA CONTINUAR";"PDT / PP";"N";"2742";"0"
"26/11/2020";"11:39:02";"2020";"2";"Eleição Ordinária";"1";"426";"Eleições Municipais 2020";"15/11/2020";"M";"RR";"03018";"BOA VISTA";"03018";"BOA VISTA";"5";"11";"Prefeito";"Partido isolado";"50";"PSOL";"Partido Socialismo e Liberdade";"230000089041";"PARTIDO ISOLADO";"PSOL";"N";"455";"0"
"26/11/2020";"11:39:02";"2020";"2";"Eleição Ordinária";"1";"426";"Eleições Municipais 2020";"15/11/2020";"M";"RR";"03026";"IRACEMA";"03026";"IRACEMA";"6";"13";"Vereador";"Partido isolado";"11";"PP";"PROGRESSISTAS";"230000067835";"PARTIDO ISOLADO";"PP";"N";"988";"20"
"26/11/2020";"11:39:02";"2020";"2";"Eleição Ordinária";"1";"426";"Eleições Municipais 2020";"15/11/2020";"M";"RR";"03018";"BOA VISTA";"03018";"BOA VISTA";"1";"13";"Vereador";"Partido isolado";"12";"PDT";"Partido Democrático Trabalhista";"230000075678";"PARTIDO ISOLADO";"PDT";"N";"635";"49"
"26/11/2020";"11:39:02";"2020";"2";"Eleição Ordinária";"1";"426";"Eleições Municipais 2020";"15/11/2020";"M";"RR";"03093";"MUCAJAÍ";"03093";"MUCAJAÍ";"6";"13";"Vereador";"Partido isolado";"15";"MDB";"Movimento Democrático Brasileiro";"230000057250";"PARTIDO ISOLADO";"MDB";"N";"2348";"53"
